ANCHORAGE TED STEVENS INTERNATIONAL AIRPORT AK US,1,
ANCHORAGE TED STEVENS INTERNATIONAL AIRPORT AK US,2,
ANCHORAGE TED STEVENS INTERNATIONAL AIRPORT AK US,3,
ANCHORAGE TED STEVENS INTERNATIONAL AIRPORT AK US,4,"51,10,1.586 53,1,2.708 55,1,3.969"
ANCHORAGE TED STEVENS INTERNATIONAL AIRPORT AK US,5,"51,171,1.226 53,81,1.977 55,43,2.203 57,32,2.414 59,10,2.483 61,11,3.011 63,7,3.975"
ANCHORAGE TED STEVENS INTERNATIONAL AIRPORT AK US,6,"51,134,0.256 53,82,0.541 55,123,0.594 57,96,1.022 59,42,1.254 61,57,1.754 63,41,2.088 65,33,2.233 67,21,2.241 69,27,2.716 71,7,2.908 73,3,3.244 75,2,1.909"
ANCHORAGE TED STEVENS INTERNATIONAL AIRPORT AK US,7,"51,61,0.150 53,78,0.186 55,113,0.210 57,130,0.595 59,57,0.699 61,92,1.137 63,77,1.754 65,53,2.336 67,44,2.702 69,29,2.790 71,2,3.048 73,2,3.553 75,1,2.707"
ANCHORAGE TED STEVENS INTERNATIONAL AIRPORT AK US,8,"51,87,0.155 53,97,0.421 55,118,0.443 57,111,0.612 59,90,1.368 61,74,1.857 63,54,2.242 65,29,2.398 67,28,3.222 69,6,3.398 71,1,0.692"
ANCHORAGE TED STEVENS INTERNATIONAL AIRPORT AK US,9,"51,131,0.504 53,98,0.866 55,99,1.194 57,68,1.332 59,21,1.185 61,34,3.490 63,13,5.741 65,7,4.264 67,3,3.789"
ANCHORAGE TED STEVENS INTERNATIONAL AIRPORT AK US,10,"51,3,6.688"
ANCHORAGE TED STEVENS INTERNATIONAL AIRPORT AK US,11,
ANCHORAGE TED STEVENS INTERNATIONAL AIRPORT AK US,12,
ANNETTE WEATHER SERVICE OFFICE AIRPORT AK US,1,
ANNETTE WEATHER SERVICE OFFICE AIRPORT AK US,2,"51,14,0.778"
ANNETTE WEATHER SERVICE OFFICE AIRPORT AK US,3,"51,4,5.171"
ANNETTE WEATHER SERVICE OFFICE AIRPORT AK US,4,"51,59,1.960 53,26,2.614 55,11,3.659 57,10,4.132 59,4,3.515 61,4,4.660"
ANNETTE WEATHER SERVICE OFFICE AIRPORT AK US,5,"51,163,1.454 53,51,1.818 55,22,1.773 57,37,1.930 59,16,2.733 61,14,2.413 63,15,2.641 65,8,2.350 67,1,5.476 69,2,5.021"
ANNETTE WEATHER SERVICE OFFICE AIRPORT AK US,6,"51,207,0.554 53,139,0.980 55,92,1.760 57,37,2.162 59,20,2.256 61,13,3.115 63,12,3.693 65,11,4.088 67,1,4.060"
ANNETTE WEATHER SERVICE OFFICE AIRPORT AK US,7,"51,49,0.283 53,122,0.213 55,162,0.564 57,162,0.820 59,44,0.906 61,60,1.641 63,46,1.695 65,26,2.648 67,25,2.778 69,23,3.030 71,8,3.115 73,8,3.692"
ANNETTE WEATHER SERVICE OFFICE AIRPORT AK US,8,"51,106,0.253 53,176,0.221 55,135,0.439 57,60,0.880 59,47,1.142 61,63,1.602 63,48,2.505 65,31,2.072 67,16,1.992 69,20,2.732 71,17,3.089 73,9,3.188 75,7,3.920 77,2,2.975 81,2,4.549 83,4,3.213 85,1,4.023"
ANNETTE WEATHER SERVICE OFFICE AIRPORT AK US,9,"51,136,0.432 53,137,0.686 55,168,1.218 57,108,1.342 59,45,2.171 61,19,2.746 63,7,4.551 65,2,3.928"
ANNETTE WEATHER SERVICE OFFICE AIRPORT AK US,10,"51,125,1.877 53,91,1.161 55,11,3.675"
ANNETTE WEATHER SERVICE OFFICE AIRPORT AK US,11,"51,35,1.907"
ANNETTE WEATHER SERVICE OFFICE AIRPORT AK US,12,
BARROW W POST W ROGERS AIRPORT AK US,1,
BARROW W POST W ROGERS AIRPORT AK US,2,
BARROW W POST W ROGERS AIRPORT AK US,3,
BARROW W POST W ROGERS AIRPORT AK US,4,
BARROW W POST W ROGERS AIRPORT AK US,5,
BARROW W POST W ROGERS AIRPORT AK US,6,"51,5,1.286 53,1,0.881"
BARROW W POST W ROGERS AIRPORT AK US,7,"51,25,1.112 53,7,1.707 55,9,1.929 57,2,2.534"
BARROW W POST W ROGERS AIRPORT AK US,8,"51,33,2.497 53,29,2.862 55,29,3.699 57,13,3.343 59,4,4.552 61,3,3.065"
BARROW W POST W ROGERS AIRPORT AK US,9,
BARROW W POST W ROGERS AIRPORT AK US,10,
BARROW W POST W ROGERS AIRPORT AK US,11,
BARROW W POST W ROGERS AIRPORT AK US,12,
BETHEL AIRPORT AK US,1,
BETHEL AIRPORT AK US,2,
BETHEL AIRPORT AK US,3,
BETHEL AIRPORT AK US,4,"51,3,2.863 53,2,3.076"
BETHEL AIRPORT AK US,5,"51,57,2.027 53,31,2.105 55,23,2.555 57,12,3.355 59,4,4.643 61,3,3.739 63,3,3.513 65,2,4.010"
BETHEL AIRPORT AK US,6,"51,128,0.637 53,52,1.154 55,38,1.491 57,45,1.722 59,26,1.937 61,32,2.056 63,34,2.309 65,21,2.611 67,19,2.151 69,10,2.292 71,2,4.893 73,2,3.031 75,3,3.152 77,2,3.145"
BETHEL AIRPORT AK US,7,"51,97,0.374 53,112,0.573 55,112,0.741 57,74,1.018 59,61,1.371 61,51,1.388 63,48,1.873 65,22,2.190 67,17,3.058 69,24,2.762 71,12,3.414 73,4,3.771"
BETHEL AIRPORT AK US,8,"51,133,0.679 53,118,0.865 55,83,1.354 57,59,1.406 59,52,1.435 61,24,2.425 63,13,2.262 65,11,1.794 67,9,3.273 69,8,3.835 71,2,4.342 73,2,5.355 75,2,3.963"
BETHEL AIRPORT AK US,9,"51,111,1.206 53,44,2.666 55,18,3.042 57,10,2.426 59,3,2.821"
BETHEL AIRPORT AK US,10,"51,4,4.833"
BETHEL AIRPORT AK US,11,
BETHEL AIRPORT AK US,12,
BETTLES AIRPORT AK US,1,
BETTLES AIRPORT AK US,2,
BETTLES AIRPORT AK US,3,
BETTLES AIRPORT AK US,4,"51,37,1.660 53,6,1.802 55,2,3.505 57,3,2.818"
BETTLES AIRPORT AK US,5,"51,94,1.291 53,48,1.352 55,33,1.331 57,31,1.288 59,20,1.300 61,25,1.451 63,14,2.103 65,8,1.965 67,1,2.550 69,5,1.018 71,1,1.699 73,2,1.465 75,2,2.198"
BETTLES AIRPORT AK US,6,"51,83,0.480 53,62,0.457 55,57,0.489 57,58,0.831 59,36,1.025 61,53,1.307 63,36,1.635 65,32,1.629 67,38,1.954 69,30,1.770 71,22,2.157 73,30,2.474 75,13,2.313 77,2,2.550"
BETTLES AIRPORT AK US,7,"51,51,0.287 53,67,0.390 55,64,0.708 57,60,0.535 59,43,0.642 61,63,0.867 63,53,0.981 65,57,1.443 67,39,1.378 69,101,1.577 71,25,1.859 73,28,1.756 75,15,1.845 77,6,2.198 79,8,2.699 81,3,2.305 83,2,3.234 85,3,2.865"
BETTLES AIRPORT AK US,8,"51,101,0.575 53,81,0.813 55,62,0.624 57,69,1.101 59,23,1.282 61,49,1.888 63,41,1.698 65,52,1.780 67,31,2.179 69,12,2.477"
BETTLES AIRPORT AK US,9,"51,36,2.949 53,16,2.974 55,3,3.599"
BETTLES AIRPORT AK US,10,
BETTLES AIRPORT AK US,11,
BETTLES AIRPORT AK US,12,
BIG DELTA AIRPORT AK US,1,
BIG DELTA AIRPORT AK US,2,
BIG DELTA AIRPORT AK US,3,
BIG DELTA AIRPORT AK US,4,"51,23,0.991"
BIG DELTA AIRPORT AK US,5,"51,79,0.705 53,75,1.108 55,63,1.203 57,41,1.314 59,21,1.298 61,40,2.251 63,39,1.894 65,38,1.969 67,12,1.881 69,19,2.525"
BIG DELTA AIRPORT AK US,6,"51,50,0.249 53,37,0.331 55,27,0.601 57,34,0.466 59,18,0.285 61,45,0.810 63,60,0.559 65,59,0.721 67,55,0.971 69,70,0.913 71,44,1.639 73,54,1.504 75,30,1.723 77,15,1.803 79,19,2.034 81,28,2.456 83,9,2.056 85,14,2.723 87,8,2.410"
BIG DELTA AIRPORT AK US,7,"51,81,0.354 53,65,0.374 55,51,0.717 57,55,0.908 59,38,0.861 61,45,0.909 63,39,1.406 65,35,1.594 67,30,1.389 69,55,1.501 71,36,1.382 73,32,1.669 75,25,2.113 77,18,1.993 79,11,2.346 81,10,2.352 83,19,1.051 85,10,1.727 87,4,0.463"
BIG DELTA AIRPORT AK US,8,"51,88,0.767 53,42,0.846 55,45,0.918 57,57,1.098 59,26,0.764 61,82,1.421 63,48,1.556 65,32,1.804 67,18,1.764 69,14,2.913 71,11,3.240 73,3,2.808"
BIG DELTA AIRPORT AK US,9,"51,40,1.431 53,61,0.919 55,33,1.376 57,25,2.026 59,27,2.895 61,12,3.788 63,13,4.547 65,13,4.691 67,2,5.218"
BIG DELTA AIRPORT AK US,10,"51,4,2.656 53,2,6.778"
BIG DELTA AIRPORT AK US,11,
BIG DELTA AIRPORT AK US,12,
BIG RIVER LAKES AK US,1,
BIG RIVER LAKES AK US,2,"51,3,5.699"
BIG RIVER LAKES AK US,3,"51,2,1.929"
BIG RIVER LAKES AK US,4,"51,15,1.420"
BIG RIVER LAKES AK US,5,"51,73,1.393 53,52,1.491 55,44,1.935 57,23,1.873 59,16,2.224 61,15,2.505 63,10,2.140 65,8,2.455 67,4,2.512 69,3,3.883 71,1,3.250"
BIG RIVER LAKES AK US,6,"51,94,0.684 53,77,0.756 55,59,1.016 57,57,0.955 59,46,1.225 61,46,1.322 63,37,1.482 65,31,1.573 67,16,2.217 69,19,2.759 71,11,2.372 73,9,2.486 75,1,3.233 77,2,1.266 79,1,0.137 83,1,0.004 85,1,0.000 87,1,0.000 91,1,0.000 93,1,0.000 97,1,0.004 99,1,0.179"
BIG RIVER LAKES AK US,7,"51,95,0.380 53,105,0.390 55,116,0.720 57,79,1.004 59,67,1.061 61,66,1.294 63,41,1.684 65,41,2.376 67,22,2.262 69,28,2.862 71,5,3.341 73,4,3.415 75,3,3.325"
BIG RIVER LAKES AK US,8,"51,103,0.493 53,63,0.753 55,65,0.683 57,86,1.005 59,65,0.830 61,63,1.138 63,56,1.588 65,43,1.882 67,31,2.283 69,21,2.906 71,11,3.119 73,6,3.365 75,1,3.282"
BIG RIVER LAKES AK US,9,"51,49,0.891 53,27,1.653 55,33,1.430 57,15,1.749 59,15,3.565 61,13,2.435 63,13,4.244 65,6,3.881 67,7,4.499 69,13,4.213 71,5,3.494"
BIG RIVER LAKES AK US,10,"51,14,2.092 53,12,2.561 55,9,1.674 57,5,5.881"
BIG RIVER LAKES AK US,11,"51,13,0.894 53,4,0.000 57,2,0.000 59,1,0.000 61,1,0.000 63,1,0.000 67,1,0.000 69,1,0.016"
BIG RIVER LAKES AK US,12,
COLD BAY AIRPORT AK US,1,
COLD BAY AIRPORT AK US,2,
COLD BAY AIRPORT AK US,3,
COLD BAY AIRPORT AK US,4,
COLD BAY AIRPORT AK US,5,
COLD BAY AIRPORT AK US,6,"51,58,2.295 53,11,3.258 55,3,3.350 57,7,4.826 59,4,6.520 61,1,8.370 63,2,7.789"
COLD BAY AIRPORT AK US,7,"51,181,0.940 53,99,1.665 55,45,2.308 57,28,2.747 59,9,3.791 61,8,2.962 63,5,3.806"
COLD BAY AIRPORT AK US,8,"51,310,0.864 53,111,2.061 55,35,2.233 57,12,2.785 59,2,4.246 61,4,3.606 63,1,3.985"
COLD BAY AIRPORT AK US,9,"51,186,1.097 53,63,1.139 55,18,1.522 57,6,2.087 59,2,0.930 61,3,2.313"
COLD BAY AIRPORT AK US,10,"51,9,2.929"
COLD BAY AIRPORT AK US,11,"51,5,1.926 53,1,0.145 55,2,1.196"
COLD BAY AIRPORT AK US,12,
CORDOVA M K SMITH AIRPORT AK US,1,
CORDOVA M K SMITH AIRPORT AK US,2,
CORDOVA M K SMITH AIRPORT AK US,3,"51,5,1.940 53,2,1.888 55,1,3.732"
CORDOVA M K SMITH AIRPORT AK US,4,"51,35,1.684 53,14,2.266 55,17,3.522 57,18,4.818 59,4,2.693 61,10,4.460 63,10,4.685 65,11,4.212 67,7,5.400 69,1,3.680"
CORDOVA M K SMITH AIRPORT AK US,5,"51,65,1.430 53,29,2.185 55,41,2.918 57,28,2.743 59,13,3.006 61,19,3.847 63,8,4.499 65,3,4.314"
CORDOVA M K SMITH AIRPORT AK US,6,"51,134,0.534 53,76,0.994 55,69,1.113 57,50,1.491 59,33,1.732 61,22,2.203 63,18,2.362 65,23,2.648 67,2,4.259 69,20,3.989 71,10,4.666 73,5,4.469 75,1,3.839"
CORDOVA M K SMITH AIRPORT AK US,7,"51,246,0.618 53,102,1.139 55,76,1.115 57,47,1.335 59,12,2.622 61,27,3.030 63,20,4.707 65,7,5.189 67,2,7.067 69,5,7.804"
CORDOVA M K SMITH AIRPORT AK US,8,"51,122,0.237 53,67,0.612 55,73,0.780 57,67,1.224 59,25,2.100 61,52,1.866 63,25,2.532 65,38,3.567 67,17,3.816 69,17,4.705 71,2,5.624"
CORDOVA M K SMITH AIRPORT AK US,9,"51,102,0.803 53,66,1.739 55,59,1.732 57,63,1.249 59,17,1.363 61,27,3.042 63,23,3.415 65,15,3.554 67,9,1.726 69,4,2.205"
CORDOVA M K SMITH AIRPORT AK US,10,"51,44,2.499 53,1,1.127"
CORDOVA M K SMITH AIRPORT AK US,11,
CORDOVA M K SMITH AIRPORT AK US,12,"53,1,0.000 59,1,0.000"
DUTCH HARBOR AK US,1,
DUTCH HARBOR AK US,2,
DUTCH HARBOR AK US,3,
DUTCH HARBOR AK US,4,
DUTCH HARBOR AK US,5,
DUTCH HARBOR AK US,6,"51,84,1.266 53,25,1.604 55,13,1.200 57,3,4.995 59,4,3.713 61,2,0.682 63,1,0.000"
DUTCH HARBOR AK US,7,"51,199,1.145 53,73,1.837 55,40,3.191 57,23,3.507 59,8,3.418 61,5,2.842 63,2,3.773"
DUTCH HARBOR AK US,8,"51,212,1.384 53,66,1.270 55,67,1.344 57,68,0.746 59,24,1.727 61,17,1.139 63,13,1.645 65,6,4.077 67,1,4.590 69,7,4.035 71,3,4.021"
DUTCH HARBOR AK US,9,"51,120,1.208 53,20,0.933 55,24,1.109 57,40,0.738 59,11,1.762"
DUTCH HARBOR AK US,10,"51,5,2.105"
DUTCH HARBOR AK US,11,"51,1,0.000"
DUTCH HARBOR AK US,12,
FAIRBANKS INTERNATIONAL AIRPORT AK US,1,
FAIRBANKS INTERNATIONAL AIRPORT AK US,2,
FAIRBANKS INTERNATIONAL AIRPORT AK US,3,
FAIRBANKS INTERNATIONAL AIRPORT AK US,4,"51,37,2.196 53,17,2.234 55,15,2.728 57,13,2.744 59,2,3.243 61,1,3.445"
FAIRBANKS INTERNATIONAL AIRPORT AK US,5,"51,66,0.857 53,66,1.171 55,62,1.370 57,52,1.472 59,32,1.582 61,41,1.783 63,38,1.859 65,27,1.850 67,21,1.745 69,12,1.947 71,3,1.674"
FAIRBANKS INTERNATIONAL AIRPORT AK US,6,"51,74,0.429 53,49,0.598 55,63,0.574 57,64,0.694 59,24,0.736 61,67,0.909 63,69,1.093 65,58,1.312 67,65,1.536 69,60,1.417 71,26,1.512 73,21,1.549 75,11,1.769 77,6,1.601 79,12,2.162 81,4,1.734 83,1,2.243"
FAIRBANKS INTERNATIONAL AIRPORT AK US,7,"51,69,0.347 53,42,0.373 55,56,0.381 57,60,0.399 59,41,0.528 61,63,0.626 63,54,0.999 65,60,1.306 67,47,1.311 69,62,1.633 71,40,1.785 73,29,1.880 75,38,2.045 77,12,2.193 79,17,2.180 81,7,1.509 83,3,2.775 85,2,2.203 87,2,2.003"
FAIRBANKS INTERNATIONAL AIRPORT AK US,8,"51,90,0.423 53,65,0.580 55,65,0.675 57,62,0.657 59,32,0.694 61,58,0.884 63,47,1.254 65,54,1.360 67,39,1.580 69,52,1.553 71,23,2.262 73,19,2.277 75,10,2.477 77,4,1.855 79,3,2.494"
FAIRBANKS INTERNATIONAL AIRPORT AK US,9,"51,68,1.238 53,37,1.505 55,29,1.835 57,28,2.618 59,12,1.994 61,23,2.567 63,8,3.191"
FAIRBANKS INTERNATIONAL AIRPORT AK US,10,"51,22,2.083 53,5,4.289 55,3,3.943 57,1,2.534"
FAIRBANKS INTERNATIONAL AIRPORT AK US,11,
FAIRBANKS INTERNATIONAL AIRPORT AK US,12,
EIELSON FIELD AK US,1,
EIELSON FIELD AK US,2,
EIELSON FIELD AK US,3,"51,11,1.847 53,6,2.681 55,3,2.479"
EIELSON FIELD AK US,4,"51,7,1.310 53,2,1.951 55,3,2.062 57,2,3.123 59,2,3.038"
EIELSON FIELD AK US,5,"51,70,1.315 53,42,1.777 55,44,1.588 57,39,1.833 59,45,2.003 61,16,1.874 63,16,1.923 65,7,2.742 67,3,1.421 69,1,1.502"
EIELSON FIELD AK US,6,"51,64,0.377 53,45,0.462 55,41,0.493 57,54,0.657 59,36,0.818 61,32,0.932 63,53,1.103 65,57,1.377 67,49,1.311 69,85,1.666 71,34,1.867 73,32,1.959 75,22,1.710 77,7,1.422 79,10,2.191 81,2,1.385"
EIELSON FIELD AK US,7,"51,49,0.370 53,45,0.218 55,64,0.311 57,67,0.386 59,48,0.709 61,55,0.898 63,69,1.154 65,37,1.252 67,52,0.978 69,90,1.473 71,34,1.797 73,36,1.780 75,39,2.012 77,16,2.408 79,8,2.738 81,2,2.781 83,1,2.689"
EIELSON FIELD AK US,8,"51,130,0.737 53,84,0.742 55,48,1.216 57,55,1.424 59,39,1.707 61,48,1.866 63,41,1.806 65,16,2.443 67,13,2.459 69,20,2.655"
EIELSON FIELD AK US,9,"51,55,1.091 53,34,1.746 55,14,1.659 57,12,1.875 59,6,1.505 61,3,1.773 63,4,0.719 65,9,0.162 67,2,0.883 69,5,1.450"
EIELSON FIELD AK US,10,"51,22,2.755 53,8,2.811 55,8,2.904 57,6,2.154 59,5,0.723 61,5,1.091 63,2,0.244 65,5,2.368 67,10,1.185 69,16,1.986 71,1,5.344 75,2,1.960"
EIELSON FIELD AK US,11,"51,3,1.242 53,4,0.601 55,2,0.000"
EIELSON FIELD AK US,12,
GULKANA AIRPORT AK US,1,
GULKANA AIRPORT AK US,2,
GULKANA AIRPORT AK US,3,
GULKANA AIRPORT AK US,4,"51,10,1.956 53,4,2.440 55,4,3.193 57,4,2.928 59,3,3.689 61,8,3.088 63,2,3.884 65,4,3.268"
GULKANA AIRPORT AK US,5,"51,87,1.289 53,74,1.757 55,31,1.323 57,24,1.858 59,16,1.919 61,18,1.877 63,18,2.604 65,10,2.648 67,14,2.002 69,10,2.134 71,1,1.536"
GULKANA AIRPORT AK US,6,"51,81,0.588 53,68,0.673 55,68,0.917 57,60,1.012 59,33,1.202 61,37,1.603 63,37,1.723 65,37,1.959 67,40,1.831 69,22,2.618 71,14,3.229 73,7,1.775 75,9,1.627 77,2,1.006 79,3,2.582 81,2,2.887"
GULKANA AIRPORT AK US,7,"51,109,0.392 53,90,0.555 55,105,0.693 57,76,0.993 59,57,1.685 61,49,1.654 63,45,1.887 65,36,2.316 67,27,2.853 69,13,2.594 71,4,2.060"
GULKANA AIRPORT AK US,8,"51,90,0.733 53,71,1.017 55,54,0.975 57,59,1.620 59,29,1.784 61,43,2.066 63,33,1.954 65,24,2.235 67,9,2.614 69,12,2.246"
GULKANA AIRPORT AK US,9,"51,75,1.328 53,34,1.144 55,26,1.559 57,25,2.617 59,6,2.184 61,5,3.490 63,4,2.857 65,1,4.556 67,2,2.397 69,1,2.207"
GULKANA AIRPORT AK US,10,
GULKANA AIRPORT AK US,11,
GULKANA AIRPORT AK US,12,
HOMER AIRPORT AK US,1,
HOMER AIRPORT AK US,2,
HOMER AIRPORT AK US,3,
HOMER AIRPORT AK US,4,"51,22,3.448 53,1,3.520"
HOMER AIRPORT AK US,5,"51,103,2.033 53,39,2.068 55,14,2.038 57,8,3.139"
HOMER AIRPORT AK US,6,"51,204,0.896 53,113,1.060 55,69,1.809 57,51,2.018 59,13,2.110 61,17,2.038 63,9,2.562 65,5,2.861 67,1,1.004 69,1,4.118 71,2,1.950 73,4,3.575 75,1,3.067"
HOMER AIRPORT AK US,7,"51,163,0.271 53,120,0.615 55,133,1.173 57,132,1.513 59,42,1.862 61,53,1.825 63,24,2.750 65,6,2.461"
HOMER AIRPORT AK US,8,"51,110,0.434 53,75,0.679 55,106,0.856 57,106,1.205 59,44,1.489 61,85,1.529 63,53,1.458 65,34,1.945 67,22,2.448 69,3,3.155"
HOMER AIRPORT AK US,9,"51,196,0.976 53,135,1.640 55,58,1.427 57,10,2.984 59,5,1.975 61,11,2.746 63,6,5.057 65,1,5.687 67,3,7.411"
HOMER AIRPORT AK US,10,"51,44,2.976 53,6,6.455"
HOMER AIRPORT AK US,11,
HOMER AIRPORT AK US,12,
ILIAMNA AIRPORT AK US,1,
ILIAMNA AIRPORT AK US,2,
ILIAMNA AIRPORT AK US,3,
ILIAMNA AIRPORT AK US,4,"51,22,2.429 53,17,2.616 55,13,2.579 57,5,3.065 59,6,2.943 61,5,4.017 63,3,3.879 65,1,2.850 67,2,3.888"
ILIAMNA AIRPORT AK US,5,"51,56,1.577 53,46,2.107 55,20,2.139 57,14,1.901 59,6,2.139 61,8,2.002 63,4,2.480 65,2,1.373"
ILIAMNA AIRPORT AK US,6,"51,102,0.741 53,54,0.965 55,38,1.095 57,46,1.397 59,33,1.808 61,30,2.316 63,24,2.541 65,16,2.807 67,8,3.344 69,21,2.542 71,10,2.114 73,11,2.016 75,3,3.350 77,1,2.856"
ILIAMNA AIRPORT AK US,7,"51,88,0.339 53,132,0.349 55,115,0.684 57,97,1.092 59,28,1.054 61,40,1.642 63,39,1.559 65,29,1.898 67,17,2.397 69,17,2.321 71,5,2.486 73,6,2.870 75,9,3.241 77,4,2.945 79,4,3.255 81,3,3.679 83,1,3.484"
ILIAMNA AIRPORT AK US,8,"51,112,0.456 53,122,0.336 55,92,0.692 57,93,0.851 59,55,1.108 61,43,1.806 63,42,2.413 65,33,3.002 67,10,2.610 69,23,3.587 71,1,1.826"
ILIAMNA AIRPORT AK US,9,"51,136,0.506 53,90,0.967 55,51,1.707 57,42,2.477 59,8,3.021 61,11,3.496 63,10,3.778 65,4,3.637 67,3,4.741"
ILIAMNA AIRPORT AK US,10,"51,24,2.444 53,20,0.714 55,3,2.355"
ILIAMNA AIRPORT AK US,11,
ILIAMNA AIRPORT AK US,12,
JUNEAU INTERNATIONAL AIRPORT AK US,1,
JUNEAU INTERNATIONAL AIRPORT AK US,2,
JUNEAU INTERNATIONAL AIRPORT AK US,3,
JUNEAU INTERNATIONAL AIRPORT AK US,4,"51,46,1.946 53,14,2.344 55,18,3.172 57,11,2.168 59,2,4.856 61,16,3.751 63,8,3.727 65,2,2.897"
JUNEAU INTERNATIONAL AIRPORT AK US,5,"51,129,0.693 53,62,1.037 55,48,1.287 57,50,1.702 59,14,2.053 61,46,2.211 63,34,2.602 65,14,2.068 67,15,2.685 69,12,2.853 71,5,2.963 73,1,2.867"
JUNEAU INTERNATIONAL AIRPORT AK US,6,"51,146,0.371 53,101,0.678 55,67,0.748 57,57,1.310 59,34,1.338 61,37,1.900 63,32,1.858 65,19,2.723 67,20,2.753 69,30,3.248 71,6,3.358 73,2,4.678 75,4,3.470 77,1,4.831 79,4,4.051"
JUNEAU INTERNATIONAL AIRPORT AK US,7,"51,123,0.183 53,159,0.268 55,133,0.640 57,115,1.016 59,37,1.166 61,38,1.449 63,51,1.799 65,25,2.549 67,12,4.049 69,21,4.961 71,4,5.765 73,4,4.498 75,3,5.544 77,2,5.102"
JUNEAU INTERNATIONAL AIRPORT AK US,8,"51,156,0.307 53,132,0.557 55,96,0.725 57,61,1.257 59,40,1.325 61,47,1.689 63,35,2.731 65,10,3.468 67,8,3.610 69,17,3.263 71,11,4.327 73,11,3.492 75,6,3.509"
JUNEAU INTERNATIONAL AIRPORT AK US,9,"51,248,0.573 53,94,1.211 55,34,2.812 57,21,5.551 59,9,7.020 61,11,6.139 63,4,2.696"
JUNEAU INTERNATIONAL AIRPORT AK US,10,"51,74,2.219 53,8,3.457 55,3,9.061"
JUNEAU INTERNATIONAL AIRPORT AK US,11,
JUNEAU INTERNATIONAL AIRPORT AK US,12,
KENAI MUNICIPAL AIRPORT AK US,1,
KENAI MUNICIPAL AIRPORT AK US,2,
KENAI MUNICIPAL AIRPORT AK US,3,
KENAI MUNICIPAL AIRPORT AK US,4,"51,19,2.054 53,8,2.656 55,4,2.555 57,10,3.000 59,3,3.198 61,12,3.076 63,6,3.195 65,11,3.184 67,4,2.716"
KENAI MUNICIPAL AIRPORT AK US,5,"51,72,1.772 53,32,1.881 55,19,1.590 57,16,1.725 59,10,3.115 61,8,1.816 63,7,2.780 65,4,3.691 67,8,3.235 69,1,3.627"
KENAI MUNICIPAL AIRPORT AK US,6,"51,149,0.819 53,88,1.279 55,52,1.561 57,55,1.667 59,36,2.411 61,17,2.138 63,12,2.417 65,3,1.804 67,8,2.580 69,10,2.589 71,5,2.952 73,3,2.294 75,4,2.899"
KENAI MUNICIPAL AIRPORT AK US,7,"51,234,0.317 53,124,0.883 55,95,1.248 57,76,1.849 59,29,2.566 61,40,2.426 63,27,1.801 65,11,2.284 67,7,2.296 69,4,2.609 71,6,3.514"
KENAI MUNICIPAL AIRPORT AK US,8,"51,117,0.345 53,64,0.718 55,83,0.913 57,80,1.351 59,37,1.537 61,44,2.210 63,42,2.242 65,42,2.753 67,18,3.007 69,7,3.456"
KENAI MUNICIPAL AIRPORT AK US,9,"51,99,1.269 53,62,0.814 55,56,1.594 57,33,2.185 59,23,2.392 61,38,2.581 63,23,3.339 65,4,3.307"
KENAI MUNICIPAL AIRPORT AK US,10,"51,16,4.135 53,5,1.406 55,6,1.039 57,5,2.588 59,1,0.946"
KENAI MUNICIPAL AIRPORT AK US,11,"55,1,0.000 65,1,0.000 75,1,0.000 85,1,0.000 95,1,0.000 105,1,0.000"
KENAI MUNICIPAL AIRPORT AK US,12,
KING SALMON AIRPORT AK US,1,
KING SALMON AIRPORT AK US,2,
KING SALMON AIRPORT AK US,3,
KING SALMON AIRPORT AK US,4,"51,17,2.266 53,8,1.769 55,2,3.040"
KING SALMON AIRPORT AK US,5,"51,39,2.470 53,17,2.733 55,12,2.978 57,9,2.780 59,2,3.771"
KING SALMON AIRPORT AK US,6,"51,88,0.841 53,51,1.047 55,60,1.676 57,46,1.849 59,35,2.220 61,24,2.853 63,13,3.141 65,12,3.909 67,2,4.796 69,1,4.096"
KING SALMON AIRPORT AK US,7,"51,161,0.321 53,96,0.688 55,82,0.659 57,72,1.054 59,32,1.255 61,45,1.270 63,32,2.393 65,30,2.741 67,13,2.259 69,22,2.664 71,6,4.280 73,9,3.442 75,10,3.935 77,2,3.983 79,5,4.700"
KING SALMON AIRPORT AK US,8,"51,140,0.492 53,120,0.661 55,94,0.803 57,67,1.491 59,21,1.067 61,47,1.246 63,32,1.836 65,24,2.496 67,15,2.210 69,21,2.614 71,8,4.319 73,3,4.874 75,5,4.658 79,2,5.208"
KING SALMON AIRPORT AK US,9,"51,190,1.329 53,93,1.800 55,32,1.714 57,19,1.309 59,5,1.337 61,11,2.522 63,3,3.531"
KING SALMON AIRPORT AK US,10,"51,2,2.354"
KING SALMON AIRPORT AK US,11,
KING SALMON AIRPORT AK US,12,
KODIAK AIRPORT AK US,1,
KODIAK AIRPORT AK US,2,
KODIAK AIRPORT AK US,3,
KODIAK AIRPORT AK US,4,"51,43,3.075 53,20,3.620 55,11,4.093 57,4,4.180 61,1,4.882"
KODIAK AIRPORT AK US,5,"51,35,3.217 53,21,3.564 55,18,3.970"
KODIAK AIRPORT AK US,6,"51,145,1.287 53,40,1.941 55,22,2.148 57,22,2.224 59,9,3.196 61,15,2.469 63,13,3.164 65,6,2.256 67,1,2.524 69,3,3.409 71,2,3.812 73,1,4.029 75,3,4.440 77,1,4.492"
KODIAK AIRPORT AK US,7,"51,257,0.345 53,175,0.933 55,78,1.584 57,51,2.069 59,21,1.933 61,21,1.060 63,16,2.962 65,12,2.844 67,9,4.669 69,5,3.943 71,2,5.021 73,1,5.298 75,4,5.258"
KODIAK AIRPORT AK US,8,"51,109,0.211 53,127,0.414 55,118,0.717 57,95,0.970 59,41,1.420 61,60,1.913 63,34,3.151 65,19,2.282 67,22,2.954 69,15,3.227 71,7,3.947 73,4,3.416 75,1,3.509 77,1,2.862"
KODIAK AIRPORT AK US,9,"51,181,0.758 53,118,1.350 55,57,2.073 57,37,2.791 59,7,4.285 61,7,4.348 63,6,4.921"
KODIAK AIRPORT AK US,10,"51,36,2.654 53,10,4.525 55,4,3.307"
KODIAK AIRPORT AK US,11,
KODIAK AIRPORT AK US,12,
KOTZEBUE RALPH WEIN MEMORIAL AIRPORT AK ,1,
KOTZEBUE RALPH WEIN MEMORIAL AIRPORT AK ,2,
KOTZEBUE RALPH WEIN MEMORIAL AIRPORT AK ,3,
KOTZEBUE RALPH WEIN MEMORIAL AIRPORT AK ,4,
KOTZEBUE RALPH WEIN MEMORIAL AIRPORT AK ,5,
KOTZEBUE RALPH WEIN MEMORIAL AIRPORT AK ,6,"51,82,1.202 53,47,1.056 55,51,1.058 57,23,1.534 59,6,1.312 61,14,1.618 63,4,1.444 65,2,0.921 67,3,1.653"
KOTZEBUE RALPH WEIN MEMORIAL AIRPORT AK ,7,"51,119,0.700 53,105,0.619 55,117,0.755 57,123,1.242 59,45,1.312 61,77,1.691 63,53,1.579 65,16,2.230 67,5,2.868 69,3,2.888"
KOTZEBUE RALPH WEIN MEMORIAL AIRPORT AK ,8,"51,211,0.847 53,134,0.687 55,105,0.902 57,79,1.010 59,34,1.456 61,22,2.197 63,8,1.557 65,8,1.714 67,7,1.983 69,6,3.154"
KOTZEBUE RALPH WEIN MEMORIAL AIRPORT AK ,9,"51,37,1.737 53,14,1.947 55,3,3.721 57,5,3.850 59,3,4.329 61,1,4.837"
KOTZEBUE RALPH WEIN MEMORIAL AIRPORT AK ,10,
KOTZEBUE RALPH WEIN MEMORIAL AIRPORT AK ,11,
KOTZEBUE RALPH WEIN MEMORIAL AIRPORT AK ,12,
MCGRATH AIRPORT AK US,1,
MCGRATH AIRPORT AK US,2,
MCGRATH AIRPORT AK US,3,
MCGRATH AIRPORT AK US,4,"51,4,2.666 53,5,3.540 55,1,4.262 57,4,2.324 59,2,2.642"
MCGRATH AIRPORT AK US,5,"51,90,1.482 53,44,1.879 55,44,1.920 57,23,2.011 59,11,1.875 61,9,2.339 63,11,2.094 65,8,1.572 67,7,1.485 69,4,1.817"
MCGRATH AIRPORT AK US,6,"51,103,0.602 53,52,0.655 55,42,0.784 57,45,0.853 59,33,1.190 61,49,1.318 63,42,1.431 65,40,1.734 67,19,1.935 69,36,2.203 71,14,2.652 73,17,2.905 75,13,2.706 77,2,3.159 79,4,2.619"
MCGRATH AIRPORT AK US,7,"51,71,0.294 53,83,0.407 55,65,0.386 57,54,0.559 59,42,0.711 61,46,1.005 63,60,1.236 65,50,1.507 67,70,1.856 69,46,2.111 71,26,2.482 73,21,2.581 75,6,2.609 77,2,2.690 79,3,2.951 81,1,3.753"
MCGRATH AIRPORT AK US,8,"51,58,0.576 53,72,0.474 55,88,0.489 57,105,0.712 59,58,1.007 61,62,1.031 63,59,1.537 65,37,1.620 67,22,2.027 69,26,2.511 71,14,3.313 73,15,4.186 75,4,3.540 77,2,4.581 79,1,3.986"
MCGRATH AIRPORT AK US,9,"51,43,2.260 53,20,2.915 55,12,4.006 57,11,4.448 59,11,2.897 61,5,4.709"
MCGRATH AIRPORT AK US,10,"51,1,2.611"
MCGRATH AIRPORT AK US,11,
MCGRATH AIRPORT AK US,12,
NOME MUNICIPAL AIRPORT AK US,1,
NOME MUNICIPAL AIRPORT AK US,2,
NOME MUNICIPAL AIRPORT AK US,3,
NOME MUNICIPAL AIRPORT AK US,4,
NOME MUNICIPAL AIRPORT AK US,5,"51,14,1.990 53,3,2.486 55,4,2.592 57,3,2.062"
NOME MUNICIPAL AIRPORT AK US,6,"51,57,0.929 53,49,1.155 55,28,1.525 57,31,1.786 59,13,1.583 61,31,2.003 63,16,2.674 65,21,1.851 67,6,2.397 69,5,2.387 71,3,2.000 73,4,1.789"
NOME MUNICIPAL AIRPORT AK US,7,"51,143,0.548 53,87,0.986 55,79,1.267 57,76,1.430 59,39,1.803 61,37,1.999 63,28,1.798 65,6,1.705 67,7,3.149 69,4,2.134 71,8,3.221 73,3,3.259 75,5,3.134 77,2,3.767"
NOME MUNICIPAL AIRPORT AK US,8,"51,239,0.694 53,110,0.754 55,73,1.191 57,72,1.630 59,29,1.938 61,32,2.250 63,12,2.426 65,2,3.242"
NOME MUNICIPAL AIRPORT AK US,9,"51,66,1.691 53,18,1.685 55,7,4.223 57,6,3.257 59,3,1.780 61,1,2.733"
NOME MUNICIPAL AIRPORT AK US,10,
NOME MUNICIPAL AIRPORT AK US,11,
NOME MUNICIPAL AIRPORT AK US,12,
NORTHWAY AIRPORT AK US,1,
NORTHWAY AIRPORT AK US,2,
NORTHWAY AIRPORT AK US,3,
NORTHWAY AIRPORT AK US,4,"51,11,1.908 53,7,2.419 55,5,1.873 57,3,0.897 59,1,1.176"
NORTHWAY AIRPORT AK US,5,"51,58,0.952 53,33,1.169 55,27,1.105 57,31,0.949 59,7,1.240 61,18,1.103 63,12,1.831 65,19,1.776 67,14,1.987 69,19,2.966 71,18,3.164 73,15,2.749 75,12,2.956 77,4,1.679 79,5,2.840 81,1,0.830"
NORTHWAY AIRPORT AK US,6,"51,90,0.787 53,61,0.928 55,48,0.995 57,55,1.276 59,46,0.904 61,33,1.209 63,33,1.438 65,39,1.534 67,22,1.702 69,39,2.027 71,20,2.362 73,10,2.341 75,9,2.114"
NORTHWAY AIRPORT AK US,7,"51,99,0.153 53,81,0.426 55,69,0.381 57,53,0.596 59,34,0.846 61,48,0.983 63,61,1.038 65,38,1.411 67,40,1.786 69,64,1.779 71,31,1.846 73,25,1.992 75,26,2.375 77,6,1.704 79,8,2.502 81,8,2.990 83,5,3.846 85,2,4.341"
NORTHWAY AIRPORT AK US,8,"51,98,0.562 53,46,0.763 55,40,1.148 57,37,1.139 59,46,1.663 61,41,1.937 63,34,2.079 65,33,1.999 67,25,1.637 69,28,2.122 71,14,3.052 73,10,3.808 75,1,4.227 77,4,3.343"
NORTHWAY AIRPORT AK US,9,"51,27,1.264 53,14,2.183 55,15,1.894 57,20,3.394 59,9,3.092 61,17,2.688"
NORTHWAY AIRPORT AK US,10,
NORTHWAY AIRPORT AK US,11,
NORTHWAY AIRPORT AK US,12,"51,2,0.000"
MATANUSKA AGRICULTURAL EXPERIMENT STATION AK US,1,
MATANUSKA AGRICULTURAL EXPERIMENT STATION AK US,2,
MATANUSKA AGRICULTURAL EXPERIMENT STATION AK US,3,
MATANUSKA AGRICULTURAL EXPERIMENT STATION AK US,4,"51,48,1.808 53,20,2.025 55,14,2.277 57,18,2.500 59,8,2.291 61,21,2.779 63,5,2.769 65,5,3.410 67,2,2.735"
MATANUSKA AGRICULTURAL EXPERIMENT STATION AK US,5,"51,82,1.397 53,40,1.819 55,34,2.093 57,28,2.047 59,9,2.355 61,19,3.107 63,10,1.492 65,3,1.440 67,10,2.417 69,6,3.634"
MATANUSKA AGRICULTURAL EXPERIMENT STATION AK US,6,"51,87,0.260 53,67,0.512 55,72,0.738 57,68,0.862 59,76,1.131 61,48,1.417 63,45,1.934 65,42,1.944 67,19,2.078 69,30,2.159 71,16,2.956 73,9,2.825 75,6,2.878 77,3,3.019"
MATANUSKA AGRICULTURAL EXPERIMENT STATION AK US,7,"51,110,0.215 53,124,0.333 55,106,0.361 57,107,0.648 59,26,1.024 61,61,1.223 63,36,1.633 65,28,2.124 67,26,2.865 69,52,2.755 71,17,3.061 73,10,3.929 75,6,2.692 77,4,2.623 79,3,3.474"
MATANUSKA AGRICULTURAL EXPERIMENT STATION AK US,8,"51,57,0.447 53,65,0.369 55,89,0.307 57,60,0.558 59,94,0.834 61,60,0.951 63,61,1.432 65,44,1.787 67,22,1.763 69,32,2.377 71,24,2.847 73,15,3.234 75,15,4.043 77,3,3.418"
MATANUSKA AGRICULTURAL EXPERIMENT STATION AK US,9,"51,86,1.063 53,52,1.697 55,47,1.788 57,35,1.634 59,21,1.279 61,28,1.730 63,16,1.963 65,18,0.676 67,5,0.950"
MATANUSKA AGRICULTURAL EXPERIMENT STATION AK US,10,"51,13,1.910"
MATANUSKA AGRICULTURAL EXPERIMENT STATION AK US,11,"51,20,1.408 53,4,0.000 55,1,0.000"
MATANUSKA AGRICULTURAL EXPERIMENT STATION AK US,12,
SEWARD AIRPORT AK US,1,
SEWARD AIRPORT AK US,2,
SEWARD AIRPORT AK US,3,
SEWARD AIRPORT AK US,4,"51,15,2.704 53,5,2.120 55,2,1.170 61,1,1.621"
SEWARD AIRPORT AK US,5,"51,89,1.586 53,25,2.296 55,16,2.821 57,8,3.231 59,1,3.210 61,5,3.979 63,2,4.232 65,6,3.678 67,6,3.852 69,1,3.774"
SEWARD AIRPORT AK US,6,"51,122,0.471 53,124,0.911 55,81,0.955 57,50,1.234 59,27,2.139 61,16,2.296 63,22,3.415 65,18,3.345 67,13,2.930 69,15,3.254 71,4,2.363 73,6,3.724"
SEWARD AIRPORT AK US,7,"51,192,0.231 53,177,0.575 55,146,1.042 57,78,1.479 59,39,2.362 61,30,3.009 63,15,3.125 65,5,3.495 67,8,4.720 69,2,4.608 71,2,4.954 73,2,5.140"
SEWARD AIRPORT AK US,8,"51,128,0.171 53,109,0.373 55,96,0.655 57,90,1.236 59,37,1.423 61,67,2.001 63,41,2.263 65,29,1.997 67,19,2.590 69,26,2.583 71,7,3.229 73,5,2.995 75,1,3.503"
SEWARD AIRPORT AK US,9,"51,130,0.974 53,69,1.314 55,37,2.245 57,37,2.814 59,20,3.425 61,13,4.427 63,5,3.947"
SEWARD AIRPORT AK US,10,"51,5,0.902 53,3,0.991 55,1,1.054 59,1,1.130"
SEWARD AIRPORT AK US,11,
SEWARD AIRPORT AK US,12,
SITKA AIRPORT AK US,1,"51,2,0.000"
SITKA AIRPORT AK US,2,
SITKA AIRPORT AK US,3,"51,4,0.935 53,1,0.552"
SITKA AIRPORT AK US,4,"51,3,2.334"
SITKA AIRPORT AK US,5,"51,88,0.920 53,26,1.297 55,20,0.947 57,8,1.465 59,5,0.459 61,5,2.162 63,4,3.004 65,5,2.152 67,3,5.302 69,10,4.451 71,3,3.841"
SITKA AIRPORT AK US,6,"51,192,0.836 53,132,0.833 55,70,1.605 57,53,1.468 59,8,1.382 61,17,1.744 63,15,2.896 65,5,3.740 67,8,3.851 69,3,4.406"
SITKA AIRPORT AK US,7,"51,172,0.504 53,171,0.784 55,195,0.904 57,101,1.592 59,20,2.976 61,25,2.614 63,13,3.137 65,4,3.976"
SITKA AIRPORT AK US,8,"51,93,0.312 53,162,0.493 55,183,0.613 57,160,1.082 59,43,1.819 61,54,2.950 63,13,3.806 65,7,4.261 67,3,3.930 69,3,4.638"
SITKA AIRPORT AK US,9,"51,173,0.494 53,173,0.811 55,101,1.355 57,61,1.796 59,39,2.142 61,33,3.451 63,8,3.653 65,1,1.001"
SITKA AIRPORT AK US,10,"51,107,1.498 53,20,4.851 55,4,6.981"
SITKA AIRPORT AK US,11,"51,60,0.259 53,6,3.131"
SITKA AIRPORT AK US,12,
ST PAUL ISLAND AIRPORT AK US,1,
ST PAUL ISLAND AIRPORT AK US,2,
ST PAUL ISLAND AIRPORT AK US,3,
ST PAUL ISLAND AIRPORT AK US,4,
ST PAUL ISLAND AIRPORT AK US,5,
ST PAUL ISLAND AIRPORT AK US,6,"51,18,3.578 53,3,4.500 55,8,4.660 57,1,7.165 59,1,6.845"
ST PAUL ISLAND AIRPORT AK US,7,"51,112,1.901 53,19,3.696 55,4,1.727 57,1,0.996 59,1,0.226 61,1,0.000"
ST PAUL ISLAND AIRPORT AK US,8,"51,156,1.952 53,25,3.476 55,7,6.139 57,1,8.671"
ST PAUL ISLAND AIRPORT AK US,9,"51,49,3.873 53,6,7.106"
ST PAUL ISLAND AIRPORT AK US,10,
ST PAUL ISLAND AIRPORT AK US,11,
ST PAUL ISLAND AIRPORT AK US,12,
TALKEETNA AIRPORT AK US,1,
TALKEETNA AIRPORT AK US,2,
TALKEETNA AIRPORT AK US,3,
TALKEETNA AIRPORT AK US,4,"51,21,1.889 53,13,2.125 55,9,2.597 57,2,1.785 59,4,2.095"
TALKEETNA AIRPORT AK US,5,"51,77,1.359 53,64,1.217 55,51,1.725 57,33,2.138 59,13,1.931 61,21,2.553 63,23,2.519 65,13,2.928 67,7,3.822 69,3,3.253"
TALKEETNA AIRPORT AK US,6,"51,90,0.436 53,77,0.654 55,55,0.853 57,59,1.105 59,49,1.088 61,39,1.313 63,40,1.367 65,26,1.569 67,12,2.054 69,47,2.201 71,22,2.262 73,13,2.505 75,13,2.431 77,4,3.101 79,6,3.057 81,3,2.873"
TALKEETNA AIRPORT AK US,7,"51,104,0.365 53,89,0.354 55,92,0.496 57,83,0.683 59,44,0.619 61,49,1.421 63,47,1.537 65,42,1.305 67,35,1.709 69,70,2.187 71,25,2.794 73,9,2.290 75,3,2.809 77,1,2.986 79,6,2.594"
TALKEETNA AIRPORT AK US,8,"51,156,0.211 53,89,0.307 55,75,0.541 57,61,0.934 59,36,1.505 61,51,1.692 63,38,2.134 65,48,2.386 67,32,2.468 69,23,3.301 71,14,4.145 73,4,4.277 75,1,3.354"
TALKEETNA AIRPORT AK US,9,"51,84,0.963 53,47,1.383 55,44,1.718 57,30,2.619 59,16,3.017 61,17,3.381 63,9,4.094 65,6,4.888 67,13,4.931 69,1,6.562"
TALKEETNA AIRPORT AK US,10,"51,1,9.987"
TALKEETNA AIRPORT AK US,11,
TALKEETNA AIRPORT AK US,12,
TANANA CALHOUN MEMORIAL AIRPORT AK US,1,
TANANA CALHOUN MEMORIAL AIRPORT AK US,2,
TANANA CALHOUN MEMORIAL AIRPORT AK US,3,
TANANA CALHOUN MEMORIAL AIRPORT AK US,4,
TANANA CALHOUN MEMORIAL AIRPORT AK US,5,"51,59,1.816 53,29,2.100 55,31,1.863 57,20,1.787 59,9,2.095 61,19,1.956 63,10,2.673 65,1,2.936 67,5,3.895 69,1,3.082"
TANANA CALHOUN MEMORIAL AIRPORT AK US,6,"51,73,0.524 53,39,0.533 55,50,0.546 57,52,0.727 59,51,1.210 61,52,1.174 63,52,1.739 65,51,1.675 67,27,1.444 69,48,1.691 71,28,1.985 73,22,2.118 75,6,2.692 77,8,2.192 79,4,1.435 81,2,2.239"
TANANA CALHOUN MEMORIAL AIRPORT AK US,7,"51,66,0.413 53,96,0.370 55,68,0.650 57,67,0.808 59,41,1.070 61,59,1.339 63,50,1.493 65,48,1.720 67,41,1.968 69,40,2.007 71,23,2.579 73,10,2.470 75,7,3.393 77,1,1.646"
TANANA CALHOUN MEMORIAL AIRPORT AK US,8,"51,118,1.061 53,56,0.949 55,62,1.474 57,50,1.317 59,35,1.598 61,44,2.240 63,19,1.617 65,16,1.209 67,13,2.074 69,13,2.980 71,2,4.293"
TANANA CALHOUN MEMORIAL AIRPORT AK US,9,"51,47,1.114 53,28,1.302 55,19,0.914 57,5,3.031 59,1,1.237"
TANANA CALHOUN MEMORIAL AIRPORT AK US,10,"51,11,0.549 53,7,0.351 55,8,1.174 57,4,0.688 59,4,0.682 61,3,1.230 63,4,2.136 65,1,10.876"
TANANA CALHOUN MEMORIAL AIRPORT AK US,11,
TANANA CALHOUN MEMORIAL AIRPORT AK US,12,
VALDEZ WEATHER SERVICE OFFICE AK US,1,
VALDEZ WEATHER SERVICE OFFICE AK US,2,
VALDEZ WEATHER SERVICE OFFICE AK US,3,
VALDEZ WEATHER SERVICE OFFICE AK US,4,"51,19,3.467 53,10,4.782 55,5,4.358"
VALDEZ WEATHER SERVICE OFFICE AK US,5,"51,116,1.743 53,47,2.572 55,25,2.977 57,17,3.588 59,5,4.696 61,3,3.785 63,3,3.354 65,1,3.834"
VALDEZ WEATHER SERVICE OFFICE AK US,6,"51,103,0.396 53,87,0.585 55,91,0.937 57,57,1.223 59,41,1.649 61,45,2.496 63,36,2.578 65,24,2.900 67,13,2.653 69,5,3.344 71,3,2.696 73,4,3.768 75,2,2.700"
VALDEZ WEATHER SERVICE OFFICE AK US,7,"51,130,0.260 53,127,0.446 55,83,0.710 57,91,0.968 59,66,1.564 61,34,1.908 63,32,2.332 65,30,2.659 67,17,2.960 69,10,3.539 71,6,3.060 73,5,3.716 75,9,3.856 77,1,1.142"
VALDEZ WEATHER SERVICE OFFICE AK US,8,"51,252,0.354 53,82,0.739 55,57,1.306 57,52,1.714 59,25,2.275 61,36,3.024 63,18,3.464 65,14,4.075 67,7,3.777 69,9,4.332 71,4,4.550 73,6,4.650 75,3,4.619"
VALDEZ WEATHER SERVICE OFFICE AK US,9,"51,68,1.319 53,32,1.748 55,21,2.017 57,11,3.882 59,14,3.680 61,10,5.497 63,2,0.455 65,6,3.425 67,4,6.754 69,7,7.732 71,6,8.607"
VALDEZ WEATHER SERVICE OFFICE AK US,10,"51,12,3.220 53,1,3.145"
VALDEZ WEATHER SERVICE OFFICE AK US,11,
VALDEZ WEATHER SERVICE OFFICE AK US,12,
WRANGELL AIRPORT AK US,1,
WRANGELL AIRPORT AK US,2,
WRANGELL AIRPORT AK US,3,
WRANGELL AIRPORT AK US,4,"51,16,2.627 53,5,2.437 55,4,3.143 57,6,3.519 59,2,3.606"
WRANGELL AIRPORT AK US,5,"51,61,1.744 53,33,1.219 55,25,1.596 57,15,1.459 59,6,0.384 61,8,0.477 63,6,0.613 65,3,0.718"
WRANGELL AIRPORT AK US,6,"51,118,0.468 53,84,0.725 55,74,0.943 57,51,1.434 59,27,1.240 61,41,1.941 63,25,2.463 65,20,2.870 67,23,2.351 69,23,2.895 71,7,2.285 73,2,4.071 75,4,2.145 77,3,1.819 79,4,2.835 81,3,2.918 83,3,2.664"
WRANGELL AIRPORT AK US,7,"51,84,0.227 53,127,0.405 55,164,0.698 57,140,0.961 59,46,1.105 61,58,1.766 63,31,2.882 65,24,3.491 67,11,2.767 69,8,3.810 71,3,2.813 73,4,1.895 75,3,3.743 77,3,1.030"
WRANGELL AIRPORT AK US,8,"51,67,0.183 53,106,0.312 55,101,0.679 57,118,0.685 59,92,0.783 61,76,1.375 63,50,1.464 65,46,2.068 67,19,2.640 69,31,3.029 71,8,3.799 73,2,2.560 75,2,2.423 77,4,3.595 79,1,5.271"
WRANGELL AIRPORT AK US,9,"51,174,0.554 53,147,1.026 55,97,1.779 57,35,2.932 59,21,2.725 61,6,4.185"
WRANGELL AIRPORT AK US,10,"51,97,0.883 53,48,1.341 55,15,1.184 57,2,0.000"
WRANGELL AIRPORT AK US,11,"51,1,0.000"
WRANGELL AIRPORT AK US,12,
YAKUTAT AIRPORT AK US,1,
YAKUTAT AIRPORT AK US,2,
YAKUTAT AIRPORT AK US,3,
YAKUTAT AIRPORT AK US,4,"51,19,2.821 53,6,2.935 55,4,3.946 57,1,4.636 61,2,2.920 63,2,5.690 65,3,3.864 67,3,4.115"
YAKUTAT AIRPORT AK US,5,"51,61,3.046 53,22,4.080 55,15,3.795 57,5,2.345 59,2,3.547 61,4,3.104"
YAKUTAT AIRPORT AK US,6,"51,229,0.613 53,87,1.304 55,53,2.050 57,37,2.645 59,14,3.044 61,17,4.340 63,8,3.754 65,5,3.846 67,2,5.795"
YAKUTAT AIRPORT AK US,7,"51,103,0.232 53,135,0.527 55,130,0.799 57,101,1.276 59,57,1.365 61,50,2.036 63,26,2.794 65,15,2.400 67,10,3.447 69,12,3.767 71,5,4.972 73,1,6.226 75,2,5.664"
YAKUTAT AIRPORT AK US,8,"51,74,0.315 53,131,0.212 55,155,0.728 57,100,1.273 59,35,1.755 61,63,2.298 63,38,3.406 65,14,4.399 67,3,4.675 69,5,4.517 71,1,4.945"
YAKUTAT AIRPORT AK US,9,"51,156,0.644 53,110,1.154 55,87,1.829 57,35,3.041 59,12,4.486 61,7,6.043 63,3,8.509 65,1,7.735"
YAKUTAT AIRPORT AK US,10,"51,58,2.935 53,4,1.001"
YAKUTAT AIRPORT AK US,11,"51,4,0.884"
YAKUTAT AIRPORT AK US,12,
