City_Name,ID,Place,Elevation,Latitude,Longitude,Station_Name,Station_Code,Miles_Away,Temp_Annual,Temp_1,Temp_2,Temp_3,Temp_4,Temp_5,Temp_6,Temp_7,Temp_8,Temp_9,Temp_10,Temp_11,Temp_12,Wind_Speed,Solar_Annual,Solar_1,Solar_2,Solar_3,Solar_4,Solar_5,Solar_6,Solar_7,Solar_8,Solar_9,Solar_10,Solar_11,Solar_12
Adak,2,Adak,200,51.84889506,-176.635428,DUTCH HARBOR AK US,GHCND:USC00502587,446.5,0.4,2.8,3.1,0.5,1,-1.3,-1.7,-2.5,-2.6,-0.9,0.7,2.1,3.8,1.43,0.98,1.23,1.13,0.87,1,0.95,0.9,0.8,0.9,1.11,1.21,1.12,1.18
Akhiok,283,Akhiok,0,56.9445229,-154.171523,KODIAK AIRPORT AK US,GHCND:USW00025501,84.2,0.2,0.3,-0.1,-0.1,0.5,-0.6,-0.1,-0.6,-1,0.4,0.5,0.5,1.7,1.14,1.08,1.07,1.17,1.08,1.16,1.12,1.11,1.09,0.93,0.98,1.14,1.12,1.12
Akiachak,84,Akiachak,0,60.91001397,-161.4241715,BETHEL AIRPORT AK US,GHCND:USW00026615,16.2,0.1,0.1,-0.1,-0.2,0.2,0.1,0.2,0.2,0.2,0.2,0.2,0,-0.1,1,0.88,0.86,0.91,0.92,0.92,0.87,0.88,0.89,0.87,0.86,0.82,0.85,0.78
Akiak,85,Akiak,0,60.91197277,-161.2224647,BETHEL AIRPORT AK US,GHCND:USW00026615,22.3,0.1,0.2,0,-0.1,0.2,0,0.1,0.1,0.1,0.2,0.2,0,-0.2,0.62,0.89,0.88,0.92,0.93,0.93,0.89,0.89,0.9,0.89,0.87,0.84,0.86,0.81
Akutan,3,Akutan,100,54.13494454,-165.7724497,DUTCH HARBOR AK US,GHCND:USC00502587,35,-1.2,-1.9,-1.8,-2.2,-1.4,-0.7,0.1,-0.4,-1.1,-1,-0.8,-2.1,-1.7,1,0.97,1,1.01,0.99,0.96,1,0.91,0.92,0.94,1.04,0.99,1,1.05
Alakanuk,294,Alakanuk,0,62.687286,-164.665788,NOME MUNICIPAL AIRPORT AK US,GHCND:USW00026617,128.8,1.3,-0.2,1,2.7,1.7,1,2.5,1.5,1.2,1.2,1.5,0.9,0.4,1,0.87,1.44,1.05,0.87,0.9,0.81,0.75,0.76,0.79,1.03,0.94,1.17,1.9
Alatna,163,Alatna,500,66.56185774,-152.7090433,BETTLES AIRPORT AK US,GHCND:USW00026533,41.1,-1.4,-3.2,-2.8,-1.3,-1,-0.7,-0.5,-0.9,-0.7,-0.8,-0.7,-2.1,-2.3,1,1.08,1.51,1.16,1.06,1.04,1.05,1,1.12,1.09,1,1.07,1.54,137.6
Aleknagik,295,Aleknagik,100,59.27574543,-158.6219922,KING SALMON AIRPORT AK US,GHCND:USW00025503,81.2,-0.4,-1.1,-1.6,-1,0.1,-0.4,0.8,0.6,-0.4,-0.1,0.5,-0.1,-1.6,0.62,1.02,0.88,1,0.95,1.02,1.05,1.09,1.05,1,1.02,1.04,1.06,0.81
Allakaket,4,Allakaket,400,66.5613897,-152.6494468,BETTLES AIRPORT AK US,GHCND:USW00026533,39.8,-1.9,-4.1,-4,-2.1,-1.5,-0.7,-0.2,-0.8,-0.6,-1,-1.2,-3.3,-3.4,1,1.08,1.51,1.16,1.06,1.04,1.05,1,1.12,1.09,1,1.07,1.54,137.6
Ambler,45,Ambler,100,67.08702763,-157.8589215,BETTLES AIRPORT AK US,GHCND:USW00026533,173.3,1.2,5.1,3.2,1.4,-3.5,-2.8,-0.5,-1.4,0.2,0.7,2.7,5.5,3.1,1,1.11,1.18,1.04,1.08,1.14,1.18,1.14,1.1,1.03,1.03,1.11,1.22,1
Anaktuvuk Pass - C,296,Anaktuvuk Pass,2200,68.14467922,-151.7352832,BETTLES AIRPORT AK US,GHCND:USW00026533,84.8,-7,2.3,-5.3,-10,-15.1,-14,-8.6,-7.6,-7,-7.4,-9.9,-1.6,-0.2,1,1.09,0.88,1.21,1.22,1.17,1.08,0.99,1.02,1.01,1.04,1.26,1.23,1
Anaktuvuk Pass Res,315,Anaktuvuk Pass,2200,68.14467922,-151.7352832,BETTLES AIRPORT AK US,GHCND:USW00026533,84.8,-7,2.3,-5.3,-10,-15.1,-14,-8.6,-7.6,-7,-7.4,-9.9,-1.6,-0.2,1,1.09,0.88,1.21,1.22,1.17,1.08,0.99,1.02,1.01,1.04,1.26,1.23,1
Anchor Point,248,Anchor Point,200,59.76541394,-151.7852692,HOMER 8 NW AK US,GHCND:USC00503672,8.3,-0.3,-0.2,-1.9,-0.9,0.1,0.3,0.5,0.2,0.2,0.2,0.2,-1.3,-1.1,1,0.98,1.08,1.1,1.04,1.01,0.92,0.87,0.91,0.88,1,1.05,1.11,1.21
Anchorage,1,Anchorage,100,61.15195754,-149.8641112,ANCHORAGE TED STEVENS INTERNATIONAL AIRPORT AK US,GHCND:USW00026451,5.6,-0.5,-0.7,-0.7,-0.6,-0.3,-0.4,-0.2,-0.2,-0.3,-0.6,-0.6,-0.9,-0.8,0.62,1,1,0.99,1,1,1.01,1.01,1.01,1.01,1.01,0.99,0.98,1
Anchorage Hillside,320,Anchorage Hillside,1000,61.101397,-149.7444371,GLEN ALPS AK US,GHCND:USC00503299,1.7,1.9,-1.6,-0.6,1,3.2,3.8,3.7,4.1,4,4,2.5,0.6,-2,0.75,1,1,1.01,1,1,1,0.99,0.99,0.99,1,1.01,1.01,1
Anderson,305,Anderson,500,64.34056797,-149.19022,FAIRBANKS INTERNATIONAL AIRPORT AK US,GHCND:USW00026411,50.6,-0.8,0.6,-0.9,-2.9,-2.3,-0.7,0.1,-0.1,0.6,-0.2,-1.7,-0.6,-0.8,1,0.99,1.52,1.15,1.03,0.98,1,0.92,0.96,0.94,0.95,1.07,1.23,1.48
Angoon,5,Angoon,100,57.49664709,-134.5789051,SITKA AIRPORT AK US,GHCND:USW00025333,42.8,-0.8,-2.4,-2.1,-1.1,-0.2,0.4,1.3,0.7,0,-1.1,-0.9,-1.7,-2.1,1,0.94,0.97,1,0.97,1,0.94,0.93,0.88,0.95,0.89,0.91,0.9,0.91
Aniak,6,Aniak,100,61.5779035,-159.5467466,BETHEL AIRPORT AK US,GHCND:USW00026615,93.9,-0.5,-4,-1,0.4,2.3,2.9,2.2,1.8,0.5,-0.4,-1.3,-4,-6.3,0.62,0.88,0.81,0.85,0.93,0.95,0.9,0.93,0.89,0.93,0.78,0.71,0.79,0.68
Anvik,152,Anvik,200,62.65147474,-160.1949358,BETHEL AIRPORT AK US,GHCND:USW00026615,140.3,-1.7,-4.6,-4.1,-1.8,0.7,1.3,2.5,0.5,-0.8,-0.9,-2.3,-5.5,-5.4,0.62,1,0.76,0.85,1.01,0.97,1.09,1.15,1.06,0.99,0.94,0.91,0.97,0.75
Arctic Village,8,Arctic Village,2100,68.12286999,-145.536973,BETTLES AIRPORT AK US,GHCND:USW00026533,179.7,-5.8,-9.2,-7.2,-6,-9.5,-6.7,-3.2,-2.2,-3.4,-5.1,-8.6,-6.8,-1.9,1,1.27,1.05,1.32,1.32,1.29,1.21,1.18,1.18,1.33,1.4,1.47,1.36,1
Atka,9,Atka,0,52.21558644,-174.2051636,DUTCH HARBOR AK US,GHCND:USC00502587,340.8,-0.1,3.8,1.4,1.1,0.9,-2.2,-2,-3.5,-3.1,-1.3,-0.6,0.9,3.5,1.14,1.39,1.55,1.45,1.09,1.37,1.21,1.25,1.31,1.42,1.57,1.74,1.52,1.72
Atmautluak,86,Atmautluak,0,60.85950299,-162.2759852,BETHEL AIRPORT AK US,GHCND:USW00026615,15.9,0.2,0.1,0,-0.1,0.1,0.2,0.2,0.2,0.2,0.3,0.2,0,0.1,1.14,0.92,0.96,0.94,0.91,0.89,0.92,0.92,0.93,0.96,0.92,0.94,0.94,0.93
Atqasuk - Com,39,Atqasuk,100,70.47873563,-157.4172486,KUPARUK AK US,GHCND:USC00505136,185.4,-0.1,-0.1,1.4,0.1,-0.8,0.1,1.7,1.2,-2.1,-0.4,0.2,-0.3,-1.5,1,1.31,1,1.39,1.08,1.24,1.52,1.28,1.32,1.35,1.45,1.67,1.11,1
Atqasuk - Res,316,Atqasuk,100,70.47873563,-157.4172486,KUPARUK AK US,GHCND:USC00505136,185.4,-0.1,-0.1,1.4,0.1,-0.8,0.1,1.7,1.2,-2.1,-0.4,0.2,-0.3,-1.5,1,1.31,1,1.39,1.08,1.24,1.52,1.28,1.32,1.35,1.45,1.67,1.11,1
Auke Bay,11,Auke Bay,0,58.38300285,-134.6614527,AUKE BAY AK US,GHCND:USC00500464,0.6,-0.1,0,0,-0.1,0,0,-0.2,0,-0.1,-0.1,-0.2,-0.1,0,1,1,1,1,1,1,1,1,1,1,1,1,1,1
Barrow,12,Barrow,0,71.29736015,-156.7518432,BARROW W POST W ROGERS AIRPORT AK US,GHCND:USW00027502,1.2,0,0.1,0,0,0.1,0,0,0,0,0,0.1,0,0,0.88,1,1,1,1,1,1,1,1,1,1,1,1,1
Beaver,159,Beaver,400,66.36458903,-147.3949164,NORTH POLE AK US,GHCND:USC00506581,111.2,-4.8,-6,-10.1,-8.8,-6.7,-2.6,0.5,0.2,-0.8,-3.3,-5,-7.8,-7.2,1,1.12,1.38,1.06,1.17,1.04,1.12,1.09,1.07,1.09,1.15,1.16,1.65,1.36
Bethel,13,Bethel,0,60.79446669,-161.8039509,BETHEL AIRPORT AK US,GHCND:USW00026615,1.1,0.2,0.1,0,0,0.2,0.1,0.2,0.1,0.2,0.2,0.2,0.2,0.1,1,1,1,1,1,1,1,1,1,1,1,1,1,1
Bettles,14,Bettles,600,66.91482829,-151.5182659,BETTLES AIRPORT AK US,GHCND:USW00026533,0.3,0,0,0,-0.1,0,0,0,0,0,0,0.1,0,0,1,1,1,1,1,1,1,1,1,1,1,1,1,1
Big Lake,16,Big Lake,200,61.54496091,-149.8551646,WHITES CROSSING AK US,GHCND:USC00509790,12.2,1.4,2.3,1.8,1.4,1.4,0.7,0.5,-0.2,0.8,0.8,2,2.7,2.5,1,1.02,1,1,1,1.01,1.02,1.01,1.01,1.03,1.04,1.01,1,1.04
Birch Creek,160,Birch Creek,400,66.26164012,-145.8179545,NORTH POLE AK US,GHCND:USC00506581,112.8,-6,-9.4,-12,-10.9,-7.3,-3.1,0.7,0.2,-0.8,-3.5,-5.7,-10.1,-9.9,1,1.13,1.36,1.14,1.12,1.04,1.13,1.12,1.1,1.17,1.17,1.14,1.52,1.39
Bird Creek,310,Bird Creek,100,60.9675797,-149.4352828,ALYESKA AK US,GHCND:USC00500243,10.9,-0.2,-0.9,-0.4,-0.3,0,0.5,0.7,0.3,0.7,0.2,0,-1.3,-2.1,1,1.02,0.97,1,1.01,1.02,1.02,1.05,1.04,1.03,1.03,0.99,0.96,0.98
Brevig Mission,56,Brevig Mission,0,65.33424619,-166.4872196,NOME MUNICIPAL AIRPORT AK US,GHCND:USW00026617,64.8,-1.9,-2.4,-4.1,-3.7,-3.9,-3.7,-1.8,-0.2,0.1,-0.3,0.2,-0.7,-2.1,1.24,0.87,0.76,0.86,0.93,0.88,0.9,0.87,0.84,0.9,0.91,0.83,0.79,0.6
Buckland,46,Buckland,0,65.97576276,-161.1276839,KOTZEBUE RALPH WEIN MEMORIAL AIRPORT AK ,GHCND:USW00026616,74.9,-0.1,-1.7,-0.6,-0.8,-0.1,2.2,3.5,1.3,-0.3,-0.5,-0.5,-2.8,-0.7,0.62,1.15,1.54,1.17,1.09,1.08,1.2,1.2,1.16,1.11,1.08,1.12,1.35,5.33
Cantwell,19,Cantwell,2200,63.39878725,-148.8861681,BIG DELTA AIRPORT AK US,GHCND:USW00026415,105.6,-0.5,6.1,2.5,-0.9,-4.7,-5.6,-4.5,-3.4,-2.7,-2,-0.1,3.8,5.1,1,0.82,0.77,0.91,0.85,0.8,0.83,0.8,0.82,0.76,0.7,1,0.93,0.71
Central,21,Central,900,65.51122403,-144.6900184,NORTH POLE AK US,GHCND:USC00506581,92.9,-4.8,-5.4,-7.8,-8.7,-7,-3.1,-1.7,-1.1,-1.5,-3.6,-5.5,-6.6,-5.8,1,1.12,1.58,1.29,1.17,1.05,1.1,1.06,1.08,1.09,1.15,1.14,1.49,1.69
Chalkyitsik,22,Chalkyitsik,500,66.65166998,-143.7274849,EAGLE AIRPORT AK US,GHCND:USW00026422,149.2,-3.1,-7.4,-7.3,-6,-3.1,-0.3,2.8,2,1.7,-1.1,-3.4,-6.9,-8.1,1,0.87,0.34,0.57,0.82,1.02,1.04,1.01,0.92,0.91,0.77,0.75,0.34,0.1
Chefornak,87,Chefornak,0,60.15373716,-164.258678,BETHEL AIRPORT AK US,GHCND:USW00026615,93.6,2.2,8.1,6.2,4.1,1.1,-2.6,-4.4,-3.5,-1.4,0.9,4.3,6.3,6.8,1.24,0.8,0.79,0.76,0.77,0.66,0.72,0.92,0.92,0.88,0.8,0.77,0.74,1.04
Chena Ridge,321,Chena Ridge,1100,64.80368921,-148.0092965,COLLEGE 5 NW AK US,GHCND:USC00502112,9.2,0.3,0.7,1.1,0.4,-0.4,-0.1,0.3,0,-0.1,0.4,0.2,0.7,1.1,1,1.02,1.08,1.04,1.02,1.02,1.03,1.02,1.02,1.02,1.03,1.03,1.04,1.04
Chenega,241,Chenega,200,60.06968983,-148.0091954,MAIN BAY AK US,GHCND:USC00505604,31.3,0,0.2,1.1,0,-0.1,0.3,-0.6,-0.9,-0.6,-0.3,0.2,0.4,0.8,1,1.14,1.07,1.05,1.03,1.07,1.1,1.17,1.21,1.15,1.27,1.19,1.08,1.14
Chevak,72,Chevak,0,61.52813242,-165.5859674,BETHEL AIRPORT AK US,GHCND:USW00026615,135.5,-1.5,1.6,-0.2,-2.5,-4.5,-5,-5.4,-3.9,-2.5,-1.2,0.9,2.4,1.2,1.14,0.82,0.83,0.79,0.89,0.9,0.98,1.06,0.86,0.8,0.67,0.4,0.34,0.51
Chickaloon,26,Chickaloon,1100,61.78310628,-148.5351867,SUTTON 1 W AK US,GHCND:USC00508915,13.1,-1,-0.7,-0.3,-0.6,-1.1,-2,-1.4,-1.9,-1.8,-1.6,-1,0,0.1,1,0.99,1.04,1.01,1,1,0.98,0.98,0.99,0.98,0.98,0.99,1.02,1
Chicken,27,Chicken,1900,64.06816722,-141.911487,NORTHWAY AIRPORT AK US,GHCND:USW00026412,76.8,-1.7,0.9,-1.5,-1.6,-3,-2,-2.3,-2.8,-3.1,-2.5,-2.3,-1,0.7,1,1.23,1.67,1.49,1.29,1.09,1.16,1.18,1.19,1.11,1.15,1.42,2.24,2.08
Chignik,28,Chignik,0,56.294217,-158.394802,COLD BAY AIRPORT AK US,GHCND:USW00025624,184.7,0.1,-1.9,-0.6,1.1,1.5,0.5,1.4,1.6,1.3,0.5,-0.9,-0.6,-2.6,0.43,1.63,1.18,1.5,1.33,1.72,1.6,1.75,1.96,1.81,1.4,1.83,1.69,1.41
Chignik Lake,128,Chignik Lake,100,56.25114515,-158.7486881,COLD BAY AIRPORT AK US,GHCND:USW00025624,171,0.3,-3.1,-1.4,-0.1,1.4,1.7,2.8,2.6,2.1,1.4,0,-0.8,-2.9,0.43,1.49,0.94,1.3,1.19,1.52,1.45,1.7,1.98,1.7,1.25,1.65,1.5,1.2
Chiniak,284,Chiniak,0,57.61535525,-152.2174632,KODIAK AIRPORT AK US,GHCND:USW00025501,13.7,0.4,0.3,-0.1,-0.2,0.1,0.4,0.7,0.7,0.9,0.6,0.5,-0.6,0.8,1,0.99,1,0.99,1,0.99,0.99,0.97,0.97,0.99,0.99,0.99,0.97,1
Chistochina,229,Chistochina,1900,62.58163031,-144.6540223,GULKANA AIRPORT AK US,GHCND:USW00026425,39,0.9,0.6,0.5,1.8,2.1,1.3,1,1.2,1.2,1.1,0.8,-0.3,-0.3,1,0.96,0.87,0.97,0.99,0.98,0.99,0.96,0.96,1,0.95,0.86,0.78,0.9
Chitina,29,Chitina,500,61.52714598,-144.4018804,GULKANA AIRPORT AK US,GHCND:USW00026425,55.9,3.9,4.4,7.2,5.4,4.2,3.2,1.8,1.2,2.3,2.9,5.2,5.5,3.3,1,0.98,0.99,0.98,0.91,0.9,0.96,0.99,1,1.04,0.94,1.07,1.22,1.09
Chuathbaluk,108,Chuathbaluk,200,61.57652821,-159.2411859,BETHEL AIRPORT AK US,GHCND:USW00026615,102.3,-0.6,-3.8,-0.9,0.5,2.2,2.7,2,1.6,0.3,-0.6,-1.4,-3.9,-6,0.62,0.87,0.79,0.83,0.92,0.94,0.92,0.94,0.9,0.92,0.77,0.71,0.77,0.67
Chugiak,299,Chugiak,400,61.38834438,-149.4841455,MATANUSKA AGRICULTURAL EXPERIMENT STATION AK US,GHCND:USC00505733,14.5,-0.4,0,-0.2,-0.9,-1.1,-0.6,-0.5,-0.2,-0.1,-0.5,-0.5,0.2,-0.1,1,0.96,0.91,0.95,0.96,0.96,0.97,0.96,0.97,0.97,0.96,0.95,0.92,0.94
Circle,30,Circle,800,65.78057186,-144.1204975,EAGLE AIRPORT AK US,GHCND:USW00026422,110.8,-2.1,-3.7,-4.7,-4.6,-5,0.4,2.3,1.8,1.9,-0.8,-3.2,-5.1,-4.7,1,0.88,0.46,0.67,0.86,1,1.04,0.93,0.92,0.9,0.84,0.89,0.42,0.25
Clam Gulch,249,Clam Gulch,300,60.21517994,-151.4125103,KENAI MUNICIPAL AIRPORT AK US,GHCND:USW00026523,26,-0.4,0.8,0.4,0.1,-0.4,-1.3,-0.4,-0.6,-1.4,-1.2,-0.3,-0.3,-0.1,1,1.03,1.11,0.99,1.01,0.99,1.02,1.06,1.07,1.05,1.05,1.01,1,1.1
Clark's Point,117,Clark's Point,100,58.83422328,-158.5500186,ILIAMNA AIRPORT AK US,GHCND:USW00025506,143.5,0.1,2.4,1,0.5,0,-1.5,-0.8,-0.8,-0.7,-0.4,0.5,0.6,0.4,1,1.1,1.19,1.03,1.02,1.05,1.05,1.13,1.06,1.07,1.24,1.17,1.23,1.36
Clear,32,Clear,600,64.28772722,-149.16963,FAIRBANKS INTERNATIONAL AIRPORT AK US,GHCND:USW00026411,52.6,-0.6,1.1,-0.2,-2.5,-2.1,-0.8,-0.1,-0.2,0.5,-0.1,-1.6,-0.2,-0.2,1,0.99,1.52,1.16,1.03,0.97,1,0.92,0.96,0.93,0.94,1.05,1.22,1.49
Coffman Cove,33,Coffman Cove,300,56.00450677,-132.8131777,WRANGELL AIRPORT AK US,GHCND:USC00509919,37.4,0.4,0.9,0.5,0.1,-0.5,-0.3,0.3,0.2,1.1,0.6,0.6,0.1,0.8,1,1,0.95,0.98,0.98,0.97,0.99,1.01,1.01,1.02,1.02,1.04,1.04,1.05
Cold Bay,34,Cold Bay,0,55.20721812,-162.7174511,COLD BAY AIRPORT AK US,GHCND:USW00025624,1.1,0,-0.1,0.1,0,0.1,0.1,0,0,0.1,0,0.1,0,0.1,0.93,1,1,1,1,1,1,1,1,1,1,1,1,1
Cooper Landing,36,Cooper Landing,500,60.48936737,-149.7965219,COOPER LANDING 5 W AK US,GHCND:USC00502149,5.8,0.4,0.8,0.6,0.3,0.2,0.1,0,0.1,0.2,0.3,0.4,0.8,0.8,1,0.97,0.95,0.97,0.97,0.97,0.97,0.96,0.96,0.97,0.97,0.97,0.97,0.95
Copper Center,37,Copper Center,1000,61.98227951,-145.329804,GULKANA AIRPORT AK US,GHCND:USW00026425,13,0.8,-0.6,0.4,1.4,1.8,1.4,1.1,1,1.2,1.1,1.2,0.2,-0.6,1,0.98,0.98,0.98,0.99,0.98,0.99,0.98,0.98,0.99,0.97,0.93,0.92,1
Cordova,38,Cordova,0,60.54274192,-145.7386159,CORDOVA M K SMITH AIRPORT AK US,GHCND:USW00026410,10.4,0.1,0.1,-0.1,0.2,-0.2,0.1,0.1,0.4,0.3,0,-0.2,0.2,0.2,1,1.09,1.06,1.06,1.06,1.08,1.11,1.13,1.18,1.09,1.04,1.04,1.12,1.04
Craig,214,Craig,0,55.47607121,-133.1381628,ANNETTE WEATHER SERVICE OFFICE AIRPORT AK US,GHCND:USW00025308,68.6,-0.8,-0.7,-1.1,-0.7,-0.7,-0.9,-1.3,-1.1,-1.3,-0.5,-0.6,-0.8,-0.8,1,1,0.83,0.9,1.04,0.93,1.05,1.09,0.94,1.07,1.01,0.96,0.96,0.95
Crooked Creek,109,Crooked Creek,100,61.8689233,-158.129492,MCGRATH AIRPORT AK US,GHCND:USW00026510,110.6,3.3,9.9,6.3,5.1,1.6,0.3,-1.1,-0.9,1.2,1.9,2.6,6.5,5.6,1,0.97,1.15,0.97,1.02,1.02,0.96,0.91,0.92,0.94,0.92,0.96,1.08,1.26
Deering,47,Deering,0,66.082561,-162.7414243,KOTZEBUE RALPH WEIN MEMORIAL AIRPORT AK ,GHCND:USW00026616,55.6,-1.2,-2.8,0.7,-2.1,-2.6,-1.2,-0.2,-0.9,-1.7,-1.2,-0.5,-0.7,-1.4,1,1.14,1.62,1.2,1.14,1.11,1.13,1.09,1.15,1.07,1.08,1.19,1.42,5.25
Delta Junction,15,Delta Junction,1100,64.05553685,-145.7285698,BIG DELTA AIRPORT AK US,GHCND:USW00026415,4.2,-0.3,-0.7,-0.7,-0.6,-0.1,0.1,0.1,0.2,0,-0.1,-0.3,-0.5,-0.8,1,1,0.99,1,1,1.01,1.01,1.01,1.01,1.01,1,0.98,0.99,0.98
Denali Nat'l Park,308,McKinley Park,2000,63.63451971,-148.7900317,COLLEGE OBSERVATORY AK US,GHCND:USC00502107,89.6,0.1,9.9,6.7,0.6,-4.4,-6.3,-6.8,-5.8,-4.6,-2.9,-0.7,5.9,8.2,1,0.78,1.22,1.02,0.89,0.77,0.79,0.7,0.7,0.71,0.65,0.89,1.01,1.09
Dillingham,118,Dillingham,0,59.04615525,-158.5276727,KING SALMON AIRPORT AK US,GHCND:USW00025503,71.5,0.1,2.3,0.2,0,0,-0.8,-0.4,-0.7,-1.1,-0.2,0.1,0.6,0.6,0.62,1,0.89,1,0.94,1.01,1.04,1.07,1.02,0.98,1,1.02,1.03,0.81
Diomede,57,Diomede,1100,65.75349801,-168.924917,KOTZEBUE RALPH WEIN MEMORIAL AIRPORT AK ,GHCND:USW00026616,193.3,-0.3,2.9,1.4,3.5,0.2,-2.9,-3.7,-5.9,-5.1,-3.3,1.5,4.4,3.8,1.76,0.76,0.81,0.81,0.93,0.84,0.62,0.85,0.88,0.7,0.63,0.4,0.38,1.23
Dot Lake,179,Dot Lake,1500,63.64338589,-144.0435226,BIG DELTA AIRPORT AK US,GHCND:USW00026415,56.7,-1.3,-3,-1.7,-1.1,-0.5,-1,-0.7,-1.1,-0.8,-0.5,-0.3,-1.8,-2.7,1,0.94,1.06,0.98,0.97,0.94,0.91,0.88,0.92,0.92,0.95,0.97,1.08,1.04
Douglas,301,Douglas,100,58.27521518,-134.394225,JUNEAU INTERNATIONAL AIRPORT AK US,GHCND:USW00025309,8.4,-0.3,-0.4,-0.6,-0.2,-0.2,0,-0.2,-0.3,-0.1,-0.3,-0.4,-0.4,-0.5,1,1,1.02,1.01,0.99,1,1,0.99,1,1.01,0.98,0.99,0.98,1.01
Dutch Harbor,306,Dutch Harbor,0,53.8905253,-166.5361773,DUTCH HARBOR AK US,GHCND:USC00502587,0.7,-0.1,-0.9,-0.5,-0.2,0.1,0.1,0.2,0.2,0,0.1,0.1,-0.8,-0.4,1.14,1,1,1,1,1,1,1,1,1,1,1,1,1
Eagle,181,Eagle,900,64.78451075,-141.2008621,EAGLE AIRPORT AK US,GHCND:USW00026422,1.6,0.1,-0.1,-0.2,-0.1,0.2,0.3,0.3,0.3,0.3,0.3,0.2,0.2,0.1,1,0.99,1.03,1.01,1,1,1,0.99,0.99,0.99,0.99,1,1.01,1
Eagle River,300,Eagle River,300,61.32083577,-149.5699609,MATANUSKA AGRICULTURAL EXPERIMENT STATION AK US,GHCND:USC00505733,20,-0.3,0.2,-0.1,-0.7,-1.1,-0.6,-0.4,-0.2,0.1,-0.3,-0.5,0.5,0.1,1.62,0.95,0.91,0.95,0.95,0.95,0.96,0.96,0.97,0.96,0.96,0.95,0.91,0.95
Eek,88,Eek,0,60.21549338,-162.0214433,BETHEL AIRPORT AK US,GHCND:USW00026615,40.1,2.3,6.9,5.9,4.8,1.4,-1.4,-2.7,-2.3,-0.8,0.7,3.3,5.4,5.9,1,0.92,0.89,0.82,0.84,0.85,0.93,0.98,0.96,0.98,0.92,0.99,0.95,1.07
Egegik,129,Egegik,0,58.21299153,-157.3598434,KING SALMON AIRPORT AK US,GHCND:USW00025503,41.4,1.9,5.7,4.9,3.1,0.9,-1.4,-2,-1.9,-1.1,0.6,2.6,5.1,5.8,1.14,1.22,1.18,1.22,1.17,1.19,1.19,1.17,1.19,1.2,1.24,1.34,1.41,1.44
Ekwok,119,Ekwok,100,59.35778484,-157.4709054,KING SALMON AIRPORT AK US,GHCND:USW00025503,55.1,-0.7,-1.3,-2,-1.3,-0.6,-0.6,0.2,0.1,-0.7,-0.1,-0.2,-0.2,-1.3,0.62,1.07,0.92,1.02,0.98,1.05,1.14,1.17,1.12,1.05,1.05,1.06,1.08,0.9
Elfin Cove,189,Elfin Cove,900,58.19247643,-136.3310066,YAKUTAT AIRPORT AK US,GHCND:USW00025339,150.5,-1.4,-1.2,-1.6,-0.9,-0.8,-0.8,-1.1,-1.5,-1.2,-1.8,-2.2,-1.8,-1.4,1.62,0.84,1,0.91,0.85,0.9,0.78,0.87,0.75,0.87,0.86,0.78,0.82,1.14
Elim,58,Elim,0,64.61709377,-162.2547974,NOME MUNICIPAL AIRPORT AK US,GHCND:USW00026617,95.1,0,-1.9,-0.8,-0.2,0.1,1.1,3.3,2.8,1.9,0.1,-1.6,-2.5,-2.3,1,0.91,1.12,1.03,0.96,0.92,0.86,0.82,0.8,0.85,1.04,1.14,1.37,1.13
Emmonak,73,Emmonak,0,62.77957673,-164.5452277,NOME MUNICIPAL AIRPORT AK US,GHCND:USW00026617,123.3,1.3,-0.2,1.1,2.8,1.7,1.1,2.6,1.5,1.2,1.2,1.5,0.9,0.3,1,0.85,1.39,1.03,0.85,0.89,0.79,0.74,0.75,0.78,1.01,0.89,1.11,1.73
English Bay/Nanwal,245,Nanwalek,100,59.35546608,-151.9198469,HOMER AIRPORT AK US,GHCND:USW00025507,25.1,0.3,1.2,1.3,0.8,-0.4,-0.8,-1.1,-0.9,-0.7,0.3,0.1,1.5,1.5,1.62,0.92,0.81,0.82,0.91,0.91,0.97,0.93,0.94,0.98,0.99,0.85,0.81,0.98
Ester,309,Ester,900,64.85330823,-147.9796076,COLLEGE OBSERVATORY AK US,GHCND:USC00502107,3.9,0.7,2.9,1.9,0.9,-0.9,-0.5,-0.4,-0.4,-0.4,-0.2,0,1.7,2.5,1,1.01,1.06,1.03,1.01,1.01,1.01,1.01,1.01,1.01,1.01,1.02,1.04,1.06
Evansville,164,Evansville,600,66.91988305,-151.4965535,BETTLES AIRPORT AK US,GHCND:USW00026533,0.4,0,0,0,0.1,0,0,0,0,0,0,0,0,0,1,1,1,1,1,1,1,1,1,1,1,1,1,1
Eyak,240,Eyak,1900,60.56468464,-145.7019022,CORDOVA M K SMITH AIRPORT AK US,GHCND:USW00026410,9.9,-5.4,-6.2,-6.2,-5.4,-5.6,-5,-4.6,-4.3,-4.3,-5.1,-5.4,-6,-6.2,1.85,1.07,1.05,1.05,1.05,1.07,1.08,1.09,1.12,1.06,1.03,1.03,1.08,1.01
Fairbanks,293,Fairbanks,400,64.83876854,-147.7145617,FAIRBANKS INTERNATIONAL AIRPORT AK US,GHCND:USW00026411,5.3,0.1,-0.1,0.1,0.1,0.4,0.2,0.1,0,0.1,0.2,0.2,0,-0.1,1,0.98,0.91,0.96,0.98,0.98,0.98,0.99,0.99,0.99,0.98,0.97,0.94,0.91
False Pass,143,False Pass,0,54.85295957,-163.4185147,COLD BAY AIRPORT AK US,GHCND:USW00025624,37.3,-1,-3.3,-2,-1.4,-0.5,-0.3,0.2,0.2,0,-0.2,-0.8,-1.7,-2.7,0.8,1.46,1.03,1.22,1.16,1.3,1.35,1.66,1.85,1.61,1.35,1.73,1.74,1.36
Fort Yukon,161,Fort Yukon,400,66.56494476,-145.2464276,NORTH POLE AK US,GHCND:USC00506581,138.5,-5.5,-10.1,-11.6,-9.8,-7.8,-2.9,0.8,0.9,0.3,-2.5,-5.6,-8.5,-9.9,1,1.07,0.92,0.95,1.03,1.04,1.12,1.13,1.08,1.13,1.09,0.93,1,0.55
Gakona,230,Gakona,1700,62.30825425,-145.2558915,GULKANA AIRPORT AK US,GHCND:USW00026425,12.2,0.3,0.6,0.2,0.3,-0.1,0.1,0.3,0.3,0.2,0.1,0.5,0.4,0.4,1,0.99,0.96,0.99,1.01,1,1,1,0.99,1.01,0.99,0.95,0.91,0.97
Galena,165,Galena,100,64.74309,-156.865711,TANANA CALHOUN MEMORIAL AIRPORT AK US,GHCND:USW00026529,142.9,0.1,0.6,1.3,-1.3,-2.8,-1.4,-0.1,-0.3,0.7,0.7,1.1,2.6,1.2,1,0.98,0.75,0.99,0.91,0.98,0.99,1.05,1.01,1.04,1.06,0.95,0.65,0.78
Gambell,59,Gambell,0,63.77092332,-171.712409,NOME MUNICIPAL AIRPORT AK US,GHCND:USW00026617,196.3,-2.2,-0.4,-4.4,-3.4,-3.8,-6.7,-8.2,-5.2,-3,-1.1,3,5.5,1.8,1.43,1.18,0.48,0.97,1.25,1.38,1.29,1.28,1.29,1.32,0.91,0.6,0.29,0
Girdwood,275,Girdwood,0,60.94190908,-149.1685567,ALYESKA AK US,GHCND:USC00500243,2.2,0.9,1.5,1,0.8,0.9,0.8,0.8,0.3,0.6,1.1,1.2,1,0.8,1,1,1,1,1,1,1,1,1,1,1,1,1,1
Glennallen,231,Glennallen,1400,62.10936162,-145.5625226,GULKANA AIRPORT AK US,GHCND:USW00026425,4.9,0,-0.4,-0.1,0.2,0.3,0.2,0.1,0.1,0.1,0.1,0.1,-0.1,-0.3,1,1,1.01,1,1,1,1,1,1,1,1,1.01,1.02,1.01
Golovin,60,Golovin,0,64.54623019,-163.0307195,NOME MUNICIPAL AIRPORT AK US,GHCND:USW00026617,71.9,0.2,-0.6,-0.4,-0.1,0.6,0.9,2.4,2,1.2,0.4,-0.8,-1.5,-1.4,1.14,0.94,1.12,1.06,0.98,0.96,0.88,0.85,0.85,0.93,1.04,1.12,1.27,1.27
Goodnews Bay,89,Goodnews Bay,0,59.11932707,-161.5831497,KING SALMON AIRPORT AK US,GHCND:USW00025503,178.4,-1,1.6,0,-1,-3.3,-3.1,-3,-2.8,-2.9,-1.1,0.3,2.1,1,1.14,0.87,0.83,0.78,0.92,0.98,0.92,1.04,1.02,0.81,0.78,0.62,0.53,0.65
Grayling,153,Grayling,100,62.90970737,-160.0710018,BETHEL AIRPORT AK US,GHCND:USW00026615,158.4,-1.5,-5.2,-3.6,-1.9,1.8,2.6,4.3,0.6,-0.7,-0.8,-2.4,-7.5,-5.6,0.62,0.99,0.75,0.85,0.99,0.94,1.08,1.16,1.07,1.01,0.92,0.91,0.96,0.71
Gulkana,232,Gulkana,1400,62.26935078,-145.3799531,GULKANA AIRPORT AK US,GHCND:USW00026425,8,0.3,-0.3,-0.2,0.5,0.5,0.6,0.8,0.7,0.6,0.5,0.7,0.1,-0.4,1,1,0.98,0.99,1,1,1.01,1,1,1.01,0.99,0.97,0.95,0.98
Gustavus,190,Gustavus,0,58.42194063,-135.7396836,AUKE BAY AK US,GHCND:USC00500464,39.7,-0.1,1.2,0.9,0.2,-0.4,-1,-1.5,-0.4,-0.6,-0.5,-0.4,0.6,0.8,1,1,1.01,1.03,1.06,1.03,0.97,0.97,0.89,0.96,1.1,1.09,1.11,1.07
Haines,188,Haines,100,59.2358259,-135.4503526,JUNEAU INTERNATIONAL AIRPORT AK US,GHCND:USW00025309,68.8,0,-1.9,-1.2,-0.3,0.4,0.9,1.5,1.9,1.6,0.8,-0.6,-1.4,-1.7,1,1.21,1.07,1.12,1.12,1.22,1.27,1.25,1.3,1.2,1.19,1.13,1.22,1.1
Healy,182,Healy,1400,63.90118689,-149.0478584,COLLEGE OBSERVATORY AK US,GHCND:USC00502107,75.6,1.5,6.9,5.4,1.5,-1.3,-2.3,-2.6,-1.8,-0.7,0.4,0.7,4.9,5.8,1,0.86,1.35,1.08,0.95,0.85,0.89,0.8,0.8,0.79,0.78,0.9,1.03,1.27
Hollis,213,Hollis,0,55.4835847,-132.6699036,WRANGELL AIRPORT AK US,GHCND:USC00509919,70.3,0,0.1,0.2,-0.6,-1.3,-0.4,0.6,0.6,1.1,0.2,-0.3,-0.3,0.1,1,1.09,1.04,0.98,1.05,0.96,1.03,1.09,1.09,1.15,1.22,1.18,1.23,1.26
Holy Cross,154,Holy Cross,400,62.20332606,-159.7798474,BETHEL AIRPORT AK US,GHCND:USW00026615,119.5,-0.3,-3.2,-1.3,0.5,2.4,2.4,2.8,1.4,0.4,-0.5,-2,-3.5,-4,0.62,0.91,0.71,0.79,0.94,0.94,1.01,1.03,0.97,0.97,0.85,0.74,0.78,0.65
Homer,257,Homer,300,59.6522948,-151.5299946,HOMER 8 NW AK US,GHCND:USC00503672,6.4,0.4,0.6,0.6,0.6,0.4,-0.1,0,0,0.1,0.4,0.6,0.9,0.8,1,1.02,1.07,1.07,1.04,1.03,1.01,0.99,1.01,1,1.02,1.04,1.05,1.05
Hoonah,191,Hoonah,200,58.10911345,-135.4331932,AUKE BAY AK US,GHCND:USC00500464,34.3,-0.3,0.7,0.5,-0.2,-1.1,-1.2,-1.1,-0.1,0.2,-0.2,-0.7,-0.1,0.4,1,1.04,1.1,1.07,1.05,1,1,1.01,0.99,1.03,1.11,1.12,1.11,1.09
Hooper Bay,74,Hooper Bay,0,61.52721224,-166.1047956,NOME MUNICIPAL AIRPORT AK US,GHCND:USW00026617,208.3,1.8,2.6,2.9,4,1.5,-0.8,-1.8,-0.6,0.8,1.6,2.8,5.3,3,1.33,0.81,1.57,1.01,0.97,0.96,0.85,0.76,0.71,0.73,0.73,0.46,0.38,1.1
Hope,258,Hope,100,60.90622992,-149.6232724,COOPER LANDING 5 W AK US,GHCND:USC00502149,31.4,0.3,0.3,0.9,0,0.6,1.5,1.7,0.5,0.5,0.6,-0.1,-1.4,-1.5,1,0.96,0.83,0.9,0.96,0.99,1,1.01,0.97,0.99,0.96,0.86,0.83,0.83
Houston,274,Houston,200,61.60347165,-149.7631412,WHITES CROSSING AK US,GHCND:USC00509790,10.5,1.2,2.5,1.7,1.4,1.2,0.3,0,-0.4,0.3,0.5,1.7,2.5,2.6,1,1.03,1.03,1.02,1.01,1.02,1.03,1.02,1.02,1.04,1.05,1.03,1.02,1.06
Hughes,166,Hughes,300,66.04207541,-154.2515351,TANANA CALHOUN MEMORIAL AIRPORT AK US,GHCND:USW00026529,86,0.1,0.9,-0.1,-1.5,-1.2,-0.5,0.6,1.1,0.9,-0.1,-0.2,1.1,0.3,1,1.09,1.17,1.07,1.1,1.07,1.1,1.09,1.11,1.1,0.95,1.06,1.27,1.22
Huslia,167,Huslia,200,65.70224121,-156.3865488,TANANA CALHOUN MEMORIAL AIRPORT AK US,GHCND:USW00026529,128.8,-0.4,0.6,2.2,-0.8,-4,-3.7,-0.8,-1.2,-1.2,-0.3,-1.3,2.1,3.9,1,1.06,0.97,0.9,1.01,1.02,1.06,1.14,1.09,1.11,1.02,1.06,1.02,1.21
Hydaburg,215,Hydaburg,0,55.20735325,-132.8245814,SITKA AIRPORT AK US,GHCND:USW00025333,160.9,0.6,0.4,0.6,0.3,0.5,0.4,0.8,1.1,1,0.8,0.5,0.5,0,1,1.12,1.29,1,0.95,0.98,1.11,1.15,1.15,1.26,1.24,1.04,1.15,1.22
Hyder,211,Hyder,100,55.91902454,-130.0287978,JUNEAU INTERNATIONAL AIRPORT AK US,GHCND:USW00025309,239.9,0.2,-1.6,0,1.1,0.6,1.3,1.3,1.8,1.4,0.8,-0.6,-1.2,-2.1,1,1.17,1.42,1.22,0.93,1.08,1.19,1.16,1.23,1.2,1.3,1.2,1.11,1.4
Igiugig,130,Igiugig,100,59.3263662,-155.8973949,ILIAMNA AIRPORT AK US,GHCND:USW00025506,45.7,-0.1,-0.4,0,-0.4,-0.2,-0.5,-0.6,-0.4,-0.4,-0.1,0.5,1.3,-0.3,0.88,0.89,1.03,0.87,0.91,0.9,0.86,0.89,0.86,0.96,0.94,0.87,0.79,0.96
Iliamna,131,Iliamna,100,59.75779312,-154.848095,ILIAMNA AIRPORT AK US,GHCND:USW00025506,2.1,0.1,0.1,0,0.1,0.1,0,0,0.1,0,0,0.1,0.2,0.1,1,0.98,0.97,0.98,0.98,1,0.99,0.99,0.99,0.98,0.97,0.97,0.95,0.95
Indian,298,Indian,100,60.99089691,-149.5042114,ALYESKA AK US,GHCND:USC00500243,13.4,-0.8,-1.7,-0.8,-0.7,-0.1,0.7,1.1,0.3,0.7,0.1,-1,-3.6,-4.4,1,1.04,0.97,1,1.03,1.05,1.05,1.09,1.07,1.05,1.06,0.98,0.94,0.97
"Juneau, Airport",200,Juneau,0,58.35702196,-134.5343361,AUKE BAY AK US,GHCND:USC00500464,4.4,0.1,0.1,0,0,0.1,0.1,0.1,0.5,0.3,0.2,0,0.2,0,1,1,1,1,0.99,1,1,1,1,1,0.99,0.99,0.99,1
"Juneau, City of",292,Juneau,0,58.35702196,-134.5343361,AUKE BAY AK US,GHCND:USC00500464,4.4,0.1,0.1,0,0,0.1,0.1,0.1,0.5,0.3,0.2,0,0.2,0,1,1,1,1,0.99,1,1,1,1,1,0.99,0.99,0.99,1
Kake,203,Kake,100,56.9754554,-133.9390352,LITTLE PORT WALTER AK US,GHCND:USC00505519,48.8,-0.2,-1.6,-1.6,-0.3,0.6,0.9,1,1,0.6,0,-0.2,-1.5,-1.8,1,0.97,1.05,1.02,1.02,1.01,1.01,0.95,0.91,0.96,0.9,0.97,1,0.96
Kaktovik - Com,317,Kaktovik,0,70.12300758,-143.6093012,BARROW W POST W ROGERS AIRPORT AK US,GHCND:USW00027502,317.8,0,-0.5,-1.1,-0.9,0.9,1.2,0.6,0.3,1.3,0.9,0.2,-1.9,-0.6,1.17,1.72,1,2.05,1.35,1.14,2.01,1.76,1.67,1.99,2.68,2.75,800,1
Kaktovik - Res,40,Kaktovik,0,70.12300758,-143.6093012,BARROW W POST W ROGERS AIRPORT AK US,GHCND:USW00027502,317.8,0,-0.5,-1.1,-0.9,0.9,1.2,0.6,0.3,1.3,0.9,0.2,-1.9,-0.6,1.17,1.72,1,2.05,1.35,1.14,2.01,1.76,1.67,1.99,2.68,2.75,800,1
Kaltag,168,Kaltag,100,64.32466058,-158.7291697,MCGRATH AIRPORT AK US,GHCND:USW00026510,134.9,-0.5,5.4,1,-2.7,-5.1,-3.5,-1.7,-2.7,-2.5,0.5,-0.9,2.7,2.5,1,1.05,0.94,0.99,1.07,1.04,1.05,1.1,1.13,1.09,0.99,0.98,1.03,0.86
Karluk,285,Karluk,700,57.55500281,-154.4328011,KITOI BAY AK US,GHCND:USC00504812,87.7,-0.2,-0.8,-0.2,-1.5,-0.4,0.5,-0.7,-0.5,-1,-0.5,0.8,0.9,1.6,2,1.06,1.08,1.23,1.09,1.12,1.02,1.02,1,0.87,0.96,1.21,1.2,1.23
Kasaan,216,Kasaan,100,55.54389107,-132.4119531,WRANGELL AIRPORT AK US,GHCND:USC00509919,65.2,-0.1,0.2,0,-0.7,-1.2,-0.5,0.1,0.2,0.9,0.4,-0.3,-0.5,-0.1,1,1.07,1.06,1,1.02,0.94,1,1.06,1.09,1.12,1.2,1.16,1.23,1.26
Kasigluk,90,Kasigluk,0,60.87804274,-162.5197445,BETHEL AIRPORT AK US,GHCND:USW00026615,24.1,0.3,0.6,0.5,0.1,0.2,0.1,0.2,0.1,0.2,0.3,0.4,0.3,0.3,1.14,0.94,0.99,0.94,0.91,0.9,0.93,0.94,0.95,0.97,0.94,0.96,0.95,0.97
Kasilof,261,Kasilof,200,60.3330939,-151.2437255,KENAI MUNICIPAL AIRPORT AK US,GHCND:USW00026523,17.1,-0.6,-0.3,-0.5,-0.3,-0.7,-0.7,-0.6,-0.7,-0.8,-0.9,-0.6,-1,-0.6,1,1.06,1.11,1.03,1.03,1.03,1.05,1.08,1.09,1.07,1.07,1.04,1.05,1.12
Kenai,262,Kenai,100,60.55982344,-151.2319613,KENAI MUNICIPAL AIRPORT AK US,GHCND:USW00026523,1.4,-0.1,-0.3,-0.2,-0.1,0.1,-0.1,0.1,0.1,0,-0.1,-0.1,-0.2,-0.2,1,1,1,1,1,1,1,1,1,1,1,1,1,1
Kenny Lake,233,Kenny Lake,1300,61.72050616,-144.9123052,GULKANA AIRPORT AK US,GHCND:USW00026425,35.3,1.7,3,3.9,2.9,1.8,0.9,-0.6,0,0.4,0.8,2.7,2.5,1.9,1,0.92,0.93,0.96,0.93,0.9,0.93,0.9,0.89,0.96,0.88,0.95,1.04,0.97
Ketchikan,207,Ketchikan,500,55.35223248,-131.6683239,WRANGELL AIRPORT AK US,GHCND:USC00509919,83,0,0.3,0.3,-0.8,-0.8,-0.4,-0.1,-0.1,0.9,0.9,-0.3,0.2,0.4,1,1.08,1.2,1.07,1.04,1.01,1.02,1.04,1.15,1.08,1.16,1.15,1.1,1.24
Kiana,48,Kiana,100,66.97197539,-160.4327289,KOTZEBUE RALPH WEIN MEMORIAL AIRPORT AK ,GHCND:USW00026616,59.4,0.8,-3.6,-1.5,2,4.9,6.9,7.9,3.3,1,-0.4,-1.8,-4.9,-3.7,0.62,1.05,0.97,1.01,1.05,1.07,1.1,1.09,1.05,1.03,1.04,0.99,0.97,0.02
King Cove,144,King Cove,0,55.05412145,-162.3061504,COLD BAY AIRPORT AK US,GHCND:USW00025624,20.5,-0.8,-1.4,-1.5,-1.6,-0.6,-0.6,-0.2,0,0.1,-0.1,-0.9,-1.1,-1.1,1.23,1,1.01,1.01,1.01,1,0.99,0.99,1,1,1,1.01,1.02,1.02
King Salmon,125,King Salmon,0,58.69837683,-156.6886911,KING SALMON AIRPORT AK US,GHCND:USW00025503,1.6,0.1,0.1,0.1,0.1,0.1,0,0.1,0,0,0.1,-0.1,0,0.1,0.62,1.04,1.03,1.03,1.03,1.03,1.04,1.04,1.04,1.03,1.04,1.04,1.07,1.06
Kipnuk,91,Kipnuk,0,59.93563042,-164.0364943,KING SALMON AIRPORT AK US,GHCND:USW00025503,274.3,-2,0.5,-2,-3.8,-4.8,-4.4,-4.1,-3.5,-3.1,-1.3,0.5,1.2,0.1,1.24,1.01,0.89,0.86,1,1.02,1.08,1.3,1.2,0.97,0.94,0.78,0.73,0.94
Kivalina,49,Kivalina,0,67.72718612,-164.5376967,KOTZEBUE RALPH WEIN MEMORIAL AIRPORT AK ,GHCND:USW00026616,78.1,-1.6,-0.4,-0.7,-1.5,-1.4,-1.4,-3.3,-4.1,-2.8,-1.5,-1.6,0.3,-0.6,1.14,1.26,1.14,1.23,1.23,1.25,1.44,1.39,1.41,1.25,1.05,0.85,0.49,0.06
Klawock,217,Klawock,0,55.55478555,-133.0876398,WRANGELL AIRPORT AK US,GHCND:USC00509919,70.1,0.5,1.7,1.4,0.4,-0.4,-0.6,-1.1,-0.6,0.4,1.3,0.9,0.8,1.6,1,1.09,0.99,0.95,1.07,0.98,1.07,1.13,1.07,1.15,1.2,1.16,1.16,1.18
Klukwan,194,Klukwan,200,59.39937964,-135.8945249,JUNEAU INTERNATIONAL AIRPORT AK US,GHCND:USW00025309,86.6,-1.6,-6.5,-4.9,-2.4,-0.2,0.5,1.9,2.7,2.1,0.2,-1.8,-4.6,-5.8,1,1.27,1.08,1.14,1.15,1.25,1.31,1.3,1.4,1.28,1.3,1.23,1.28,1.14
Kobuk,50,Kobuk,100,66.91524067,-156.8843768,BETTLES AIRPORT AK US,GHCND:USW00026533,146.8,1.1,5.5,3.6,-1.1,-2.9,-2.2,-1.6,-0.8,0,1,2,5.4,4.7,1,1.04,1.12,1,1.01,1.05,1.11,1.04,1.06,0.98,0.94,1.04,1.19,21.8
Kodiak,286,Kodiak,100,57.79718302,-152.3913209,KODIAK AIRPORT AK US,GHCND:USW00025501,4.7,0.1,0.2,-0.5,-0.4,-0.1,-0.3,-0.3,-0.2,-0.2,0,0.2,0.1,1.4,1,0.99,0.99,0.99,1,1,0.99,0.98,0.98,0.99,0.99,0.98,0.96,0.98
Kokhanok,133,Kokhanok,100,59.43902533,-154.7680885,ILIAMNA AIRPORT AK US,GHCND:USW00025506,22.4,-0.3,-0.1,-0.1,-0.4,-0.8,-0.6,-0.7,-0.6,-1,-0.3,0.6,1.7,-0.9,1,1.04,1.07,1.03,1.02,0.99,1,1.04,1.07,1.08,1.09,1.07,1.06,1.08
Koliganek,120,Koliganek,200,59.7271196,-157.2877321,KING SALMON AIRPORT AK US,GHCND:USW00025503,75.9,-0.6,-1.5,-1.7,-1,-0.9,-0.6,-0.2,-0.2,-1,-0.3,-0.2,0.7,-0.7,0.62,1.14,0.96,1.04,1.06,1.08,1.21,1.24,1.23,1.13,1.16,1.18,1.13,0.97
Kongiganak,92,Kongiganak,0,59.95830512,-162.8885827,KING SALMON AIRPORT AK US,GHCND:USW00025503,236.8,-2,0.2,-2,-3.5,-4.4,-4,-3.8,-3.3,-2.9,-1.2,0.4,1,-0.3,1.14,1.07,0.94,0.9,0.99,1.08,1.11,1.23,1.21,0.99,1.05,0.99,1,1.1
Kotlik,75,Kotlik,0,63.03325318,-163.5502849,NOME MUNICIPAL AIRPORT AK US,GHCND:USW00026617,117.7,0.9,-0.3,0.7,2,1.5,1.2,2.5,1.7,1.3,0.8,0.6,-0.2,-0.2,1,0.79,1.2,0.94,0.8,0.83,0.71,0.71,0.73,0.73,0.95,0.77,1.04,1.16
Kotzebue,51,Kotzebue,0,66.89838681,-162.5849362,KOTZEBUE RALPH WEIN MEMORIAL AIRPORT AK ,GHCND:USW00026616,1,-0.1,-0.1,-0.1,-0.1,-0.1,0,0.1,0,0,0,-0.1,-0.2,-0.2,1.14,0.99,0.91,0.97,0.98,0.99,0.98,1,0.99,0.99,0.99,0.97,0.93,0.48
Koyuk,61,Koyuk,0,64.93169398,-161.1565057,NOME MUNICIPAL AIRPORT AK US,GHCND:USW00026617,130.1,-0.2,-2.2,-2.6,0.4,0.7,0.7,3,2.5,1.2,0.7,-1.6,-2.7,-1.9,0.62,0.94,0.98,0.96,0.93,0.9,0.9,0.91,0.89,0.9,1.02,1.09,1.34,1.17
Koyukuk,169,Koyukuk,100,64.88211914,-157.7078442,MCGRATH AIRPORT AK US,GHCND:USW00026510,148,-0.6,1,-1,-3.1,-4.2,-1.4,1.3,0.5,-0.1,-0.5,-1.3,0.5,0.7,1,1.04,0.71,0.88,1.01,0.99,1.09,1.14,1.14,1.13,0.99,0.95,0.87,0.67
Kwethluk,93,Kwethluk,0,60.80847392,-161.4302511,BETHEL AIRPORT AK US,GHCND:USW00026615,13.6,0.2,0.1,0,0,0.2,0.1,0.2,0.2,0.2,0.3,0.2,0.1,0,1,0.97,0.96,0.98,0.99,1,0.97,0.98,0.97,0.97,0.96,0.95,0.96,0.94
Kwigillingok,94,Kwigillingok,0,59.87122902,-163.1741442,KING SALMON AIRPORT AK US,GHCND:USW00025503,244.4,-1.8,0.7,-1.6,-3.4,-4.3,-4.2,-4.1,-3.6,-3.1,-1.1,0.8,1.4,0.4,1.24,1.03,0.95,0.91,1.01,1.08,1.09,1.25,1.17,0.95,0.97,0.85,0.83,0.97
Larsen Bay,287,Larsen Bay,0,57.53418897,-153.9877293,KODIAK AIRPORT AK US,GHCND:USW00025501,57.6,0.1,-0.5,-0.2,-0.6,0.3,1.1,1,0.4,-0.4,0.7,-0.2,-0.1,-0.8,0.62,1.1,1.17,1.3,1.08,1.16,1.05,1.1,1.08,0.94,0.95,1.23,1.3,1.26
Levelock,134,Levelock,100,59.11100034,-156.8618725,KING SALMON AIRPORT AK US,GHCND:USW00025503,30.6,0.1,1,0.3,0.3,0.1,-0.5,-0.3,-0.4,-0.5,-0.1,0.1,0.4,0.7,1,1.05,0.99,1.03,1.03,1.06,1.1,1.09,1.07,1.04,1.04,1.04,1,0.94
Lime Village,110,Lime Village,600,61.35137486,-155.4385794,MCGRATH AIRPORT AK US,GHCND:USW00026510,111.7,3.4,11.1,9.2,6.6,0.8,-1.3,-3,-2.5,-1.5,-0.2,2.5,8.3,9.8,1,0.89,0.85,0.72,0.79,0.9,0.89,0.9,0.9,0.93,1.01,0.9,0.95,0.95
Lower Kalskag,111,Lower Kalskag,0,61.5133628,-160.3634935,BETHEL AIRPORT AK US,GHCND:USW00026615,70.4,-0.8,-2.5,-1.6,-0.7,0.9,1.4,1.3,0.8,0,-0.7,-1.4,-3.4,-4.7,0.62,0.97,0.95,0.95,0.98,0.98,0.94,1,0.96,0.97,0.9,0.94,1.04,0.99
Manley Hot Springs,171,Manley Hot Springs,300,64.99540875,-150.6334866,TANANA CALHOUN MEMORIAL AIRPORT AK US,GHCND:USW00026529,44.8,0.5,-0.8,1,1.5,2.1,0.9,0.7,0.6,0.7,0.5,0.2,-0.4,-0.6,1,1.08,1.06,1.1,1.07,1.09,1.11,1.08,1.06,1.08,1.09,1.06,1.08,1.23
Manokotak,121,Manokotak,0,58.9682199,-159.0214512,KING SALMON AIRPORT AK US,GHCND:USW00025503,86.9,0.3,2.2,0.7,0.2,0.1,-0.7,-0.4,-0.6,-1,-0.1,0.8,1.4,1.1,0.62,1.09,0.96,1.06,1.02,1.07,1.14,1.12,1.09,1.01,1.13,1.17,1.25,1.04
Marshall,76,Marshall,0,61.87782963,-162.0855078,BETHEL AIRPORT AK US,GHCND:USW00026615,76.4,-1,-2,-1.6,-1.1,-0.1,0,0.5,0.4,-0.3,-0.6,-1,-2.6,-3.7,0.62,0.89,0.89,0.91,0.89,0.93,0.91,0.93,0.9,0.86,0.88,0.82,0.86,0.78
McCarthy,234,McCarthy,1400,61.42706552,-142.9290527,GULKANA AIRPORT AK US,GHCND:USW00026425,97,1.6,2.3,3.6,3.2,1.9,0.6,-0.6,-0.6,-0.2,1,2.6,2.2,2.6,1,0.94,1.03,1.04,0.88,0.87,0.93,0.98,0.98,1.03,0.9,0.75,0.98,1.04
McGrath,155,McGrath,300,62.94696762,-155.5792682,MCGRATH AIRPORT AK US,GHCND:USW00026510,1.2,0,0,0,0,-0.1,-0.1,-0.1,-0.1,0,0,-0.1,0,0,1,1,1,1,1,1,1,1,1,1,1,1,1,1
Mekoryok,95,Mekoryuk,0,60.3856895,-166.2096824,BETHEL AIRPORT AK US,GHCND:USW00026615,151.2,0.4,5.6,3.3,0.9,-1.9,-5.1,-6.8,-4.9,-2.3,0.1,4.1,5.9,5.6,1.33,0.62,0.68,0.66,0.69,0.58,0.6,0.68,0.71,0.61,0.57,0.45,0.5,0.68
Mentasta Lake,235,Mentasta Lake,2300,62.93643651,-143.7171412,NABESNA AK US,GHCND:USC00506147,43.9,2,2.8,1,1.4,2.3,1.4,2,2.2,1.8,2.7,3.2,1.3,1.8,1,0.97,0.83,0.93,0.99,0.99,1,0.98,1.01,0.97,0.95,0.92,0.8,0.75
Metlakatla,210,Metlakatla,0,55.12386942,-131.57762,ANNETTE WEATHER SERVICE OFFICE AIRPORT AK US,GHCND:USW00025308,5.9,-0.1,0.2,-0.1,-0.1,-0.1,-0.4,-0.7,-0.4,-0.2,-0.1,-0.1,0.3,0.2,1,1.02,1.03,1.04,1.01,1.01,1.02,1.02,1.03,1.01,1,1.01,1.01,1.02
Minchumina,170,Lake Minchumina,700,63.8955236,-152.2895929,UNIVERSITY EXPERIMENT STATION AK US,GHCND:USC00509641,148.5,-0.3,2.4,0.1,-1.3,-2.6,-1.6,-1.1,-0.5,0.5,0,0.2,0.6,0.6,1,0.96,1.59,1.27,0.96,0.9,0.91,0.88,0.88,0.86,0.92,1.22,1.5,2.05
Minto,172,Minto,400,65.15057228,-149.3551022,FAIRBANKS INTERNATIONAL AIRPORT AK US,GHCND:USW00026411,49.6,-1.3,-0.4,-1.7,-3,-2.6,-1.3,-0.5,-0.2,-0.6,-1.2,-1.8,-1.1,-0.6,1,1.05,1.39,1.21,1.13,1.06,1.04,1.01,1.01,0.96,0.96,1.12,1.36,1.71
Moose Pass,263,Moose Pass,500,60.50188018,-149.4244022,COOPER LANDING 5 W AK US,GHCND:USC00502149,18.5,0.4,1.5,1.1,0.2,-0.3,-0.6,-0.7,-0.5,-0.2,0.2,0.6,1.2,1.5,1,0.87,0.86,0.9,0.89,0.86,0.88,0.86,0.85,0.88,0.89,0.91,0.88,0.86
Mountain Village,77,Mountain Village,200,62.09089596,-163.7223373,BETHEL AIRPORT AK US,GHCND:USW00026615,110.2,-0.9,-0.2,-0.9,-1,-1.6,-1.5,-0.1,-0.4,-0.9,-1,-0.9,-1.8,-1.6,1,0.81,0.75,0.8,0.79,0.82,0.86,0.96,0.87,0.78,0.8,0.64,0.64,0.6
Naknek,126,Naknek,0,58.74232,-156.953915,KING SALMON AIRPORT AK US,GHCND:USW00025503,11.5,0.7,2.4,1.9,0.8,0.4,-0.6,-0.5,-0.7,-0.4,0.4,1.3,1.7,1.7,1,1.12,1.09,1.09,1.09,1.1,1.13,1.13,1.14,1.09,1.12,1.15,1.22,1.17
Napakiak,96,Napakiak,0,60.69208619,-161.9756928,BETHEL AIRPORT AK US,GHCND:USW00026615,8.1,0.3,0.5,0.3,0.2,0.2,0.1,0.2,0.1,0.2,0.2,0.3,0.4,0.4,1,1,1,0.99,0.99,0.98,1,1.01,1.02,1.01,1.01,1.02,1.02,1.03
Napaskiak,97,Napaskiak,0,60.70675652,-161.7577832,BETHEL AIRPORT AK US,GHCND:USW00026615,6,0.2,0,0,0.1,0.3,0.2,0.2,0.2,0.2,0.3,0.2,0.1,0.1,1,1.01,1,1,1.01,1.01,1.01,1.02,1.02,1.01,1.02,1.02,1.02,1.02
Naukati,312,Naukati Bay,100,55.873003,-133.2066,LITTLE PORT WALTER AK US,GHCND:USC00505519,66.8,0.2,-0.1,-1.2,0.5,1.3,0.8,0.4,0.9,0.7,0.5,-0.8,-1.3,0,1,1.08,1.12,1.09,0.94,1.07,1.14,1.06,1.06,1.15,1.08,1.02,1.19,1.11
Nelson Lagoon,145,Nelson Lagoon,0,56.00069318,-161.2042375,COLD BAY AIRPORT AK US,GHCND:USW00025624,80.6,-0.1,-2.4,-1.7,-0.5,1.1,1.3,2.2,2.4,1.8,1,-0.9,-2.2,-3.2,0.93,1.45,1.15,1.35,1.29,1.33,1.23,1.56,1.82,1.45,1.33,1.67,1.66,1.49
Nenana,302,Nenana,400,64.55619455,-149.0869386,FAIRBANKS INTERNATIONAL AIRPORT AK US,GHCND:USW00026411,39.8,-0.5,0.9,-0.7,-1.8,-1.5,-0.6,-0.5,-0.4,-0.4,-0.1,-0.8,0,0,1,1.02,1.49,1.12,1.04,1.02,1.03,0.95,1,0.98,1,1.12,1.2,1.38
New Stuyahok,122,New Stuyahok,300,59.45116453,-157.3190621,KING SALMON AIRPORT AK US,GHCND:USW00025503,58.3,-0.7,-1.6,-2.2,-1.3,-0.9,-0.6,0.2,0.2,-0.7,-0.1,0,0,-1.3,1,1.1,0.94,1.04,1.01,1.08,1.18,1.2,1.17,1.08,1.09,1.09,1.12,0.96
Newhalen,135,Newhalen,100,59.72745121,-154.8908011,ILIAMNA AIRPORT AK US,GHCND:USW00025506,1.9,0.1,0,-0.1,0,0.1,0,0,0.1,0,0,0.2,0.2,0.1,1,1,1,1,1,1,1,1,1,1,1,1,1,1
Newtok,98,Newtok,0,60.93775082,-164.6329806,BETHEL AIRPORT AK US,GHCND:USW00026615,94.9,-0.2,3.3,1.6,-0.2,-1.9,-3.3,-3.9,-3.1,-1.8,-0.4,1.9,2.8,2.4,1.24,0.83,0.81,0.77,0.78,0.74,0.8,0.98,0.92,0.86,0.83,0.75,0.72,0.89
Nightmute,99,Nightmute,0,60.47760893,-164.7198529,BETHEL AIRPORT AK US,GHCND:USW00026615,100.3,1.7,7.1,5.3,3.1,0.5,-2.8,-4.6,-3.7,-1.6,0.7,3.8,5.9,6.4,1.14,0.71,0.71,0.69,0.72,0.61,0.64,0.85,0.86,0.75,0.71,0.61,0.53,0.75
Nikiski,264,Nikiski,100,60.69948795,-151.2860452,KENAI MUNICIPAL AIRPORT AK US,GHCND:USW00026523,8.5,0.4,0.9,0.6,0.6,0,0.1,0.3,0.2,0.3,0.4,0.5,0.6,0.6,1,0.96,0.93,0.97,0.97,0.97,0.96,0.94,0.94,0.96,0.95,0.97,0.95,0.92
Nikolaevsk,265,Nikolaevsk,700,59.80566868,-151.6254323,HOMER 8 NW AK US,GHCND:USC00503672,5,-0.5,-0.4,-0.7,-0.7,-0.6,-0.2,-0.3,-0.4,-0.3,-0.3,-0.5,-0.5,-0.3,1.62,0.99,1.01,1.01,1,0.99,0.97,0.96,0.97,0.96,0.99,1,1.02,1.05
Nikolai,156,Nikolai,400,63.01546086,-154.3786647,MCGRATH AIRPORT AK US,GHCND:USW00026510,38.9,0.2,0.9,0.5,0.5,0.1,-0.1,-0.3,-0.3,-0.2,-0.1,-0.2,0.1,0.5,1,0.91,0.76,0.89,0.93,0.97,0.94,0.96,0.9,0.93,0.87,0.8,0.69,0.6
Nikolski,147,Nikolski,0,52.94070312,-168.8636165,DUTCH HARBOR AK US,GHCND:USC00502587,117,-1.1,-0.1,0,-1.3,-0.7,-2,-1.5,-2.4,-2.7,-1.6,-1.1,-0.7,0.6,1.43,1.24,1.24,1.06,0.99,1.25,1.2,1.37,1.3,1.15,1.31,1.43,1.32,1.28
Ninilchik,266,Ninilchik,200,60.05394889,-151.5810625,KENAI MUNICIPAL AIRPORT AK US,GHCND:USW00026523,38.4,0.1,3.6,1.2,0.8,-0.5,-1.5,-0.7,-1.4,-1.3,-1,0.5,0.6,0.8,1,0.99,1.09,0.96,0.98,0.94,0.97,1.01,1.03,1.02,1,0.99,0.93,1.07
Noatak,52,Noatak,100,67.57231984,-162.9704599,KOTZEBUE RALPH WEIN MEMORIAL AIRPORT AK ,GHCND:USW00026616,48.4,-0.7,-3.8,-0.2,-0.1,0.9,2.9,4,-0.1,-1.2,-1.8,-3.1,-3.6,-2.6,0.62,1.22,1.09,1.11,1.19,1.22,1.36,1.32,1.26,1.13,1.1,1.1,1.15,0.02
Nome,62,Nome,0,64.502366,-165.397554,NOME MUNICIPAL AIRPORT AK US,GHCND:USW00026617,1.4,-0.1,-0.1,-0.1,0,0,0,0,0,0,0,0,0,-0.1,1,1,1,1,1,1,1,1,1,1,1,1,1,1
Nondalton,136,Nondalton,300,59.96484515,-154.8551652,ILIAMNA AIRPORT AK US,GHCND:USW00025506,14.8,-0.9,-1,-0.7,-0.8,-0.1,-0.9,-0.9,-0.6,-0.8,-1.2,-0.7,-0.9,-1.4,0.54,0.93,0.85,0.91,0.93,1,0.97,0.95,0.95,0.93,0.89,0.88,0.8,0.76
Noorvik,53,Noorvik,0,66.83279153,-161.0431239,KOTZEBUE RALPH WEIN MEMORIAL AIRPORT AK ,GHCND:USW00026616,42.7,0.5,-1.5,-0.6,0.9,2.8,4.2,5,1.7,-0.2,-0.6,-1.5,-2.7,-1.9,0.62,1.01,0.91,1,1.02,1.02,1.02,1.03,1.01,1.02,1.02,0.97,0.9,0.27
North Pole,304,North Pole,500,64.74927311,-147.3489628,NORTH POLE AK US,GHCND:USC00506581,0.9,0,0.1,0.2,0,0,-0.1,-0.1,-0.1,0,-0.1,-0.1,0,0.1,1,1,1,1,1,1,1,1,1,1,1,1,1,1
Northway,183,Northway,1700,62.964534,-141.8681658,NORTHWAY AIRPORT AK US,GHCND:USW00026412,1.9,-0.1,-0.1,-0.3,-0.2,-0.1,0,0,0,0,0.1,-0.1,0,-0.2,1,1,1,1,1,1,1,1,1,1,1,1,1,1
Nuiqsut,41,Nuiqsut,0,70.21860174,-151.004672,KUPARUK AK US,GHCND:USC00505136,34.1,0.3,0.8,0.3,-0.7,-0.6,0.1,1.1,0.3,0,0.3,0,0.5,1.2,1,1.31,1,1.47,1.16,1.17,1.61,1.31,1.28,1.31,1.35,1.59,1.09,1
Nulato,173,Nulato,200,64.73174489,-158.1118964,MCGRATH AIRPORT AK US,GHCND:USW00026510,144.9,-0.3,1.2,0.4,-2,-4,-1.8,0.8,0,-0.3,-0.1,-1.1,1.4,1.1,1,1.07,0.87,0.95,1.08,1.02,1.09,1.16,1.16,1.12,1.01,1.02,1.04,0.86
Nunapitchuk,100,Nunapitchuk,0,60.89635145,-162.4603828,BETHEL AIRPORT AK US,GHCND:USW00026615,22.6,0.2,0.3,0.2,0,0,0.1,0.2,0.2,0.2,0.2,0.2,0.1,0.1,1.14,0.91,0.95,0.92,0.89,0.88,0.9,0.9,0.92,0.93,0.9,0.91,0.92,0.9
Nunum Iqua,83,Nunam Iqua,0,62.53112429,-164.8493527,NOME MUNICIPAL AIRPORT AK US,GHCND:USW00026617,138.7,1.3,0.3,1,2.5,1.8,1,2.1,1.3,1.2,1.2,1.6,1.4,0.8,1.14,0.88,1.54,1.06,0.88,0.91,0.82,0.75,0.77,0.8,1.03,0.98,1.23,2.04
Old Harbor,288,Old Harbor,0,57.20599036,-153.3006899,KODIAK AIRPORT AK US,GHCND:USW00025501,48.5,-0.1,-0.6,-0.3,-0.5,0.9,-0.1,0.8,-0.1,-0.7,-0.1,-0.2,-0.2,-1.1,0.62,1.11,1.09,1.13,1.08,1.09,1.12,1.09,1.1,1.06,1,1.21,1.38,1.22
Oscarville,101,Oscarville,0,60.72114382,-161.7728955,BETHEL AIRPORT AK US,GHCND:USW00026615,4.8,0.2,0.1,0,0.1,0.3,0.2,0.2,0.2,0.2,0.3,0.3,0.2,0.1,1,1.02,1.01,1.01,1.01,1.01,1.02,1.02,1.02,1.02,1.02,1.02,1.02,1.03
Ouzinkie,289,Ouzinkie,0,57.92110705,-152.502488,KODIAK AIRPORT AK US,GHCND:USW00025501,11.8,-0.2,0.1,-0.1,-0.4,-0.7,-0.7,-0.5,-0.4,-0.7,-0.6,-0.3,-0.3,1.1,1,0.99,0.98,0.98,1,1,0.99,0.98,0.98,0.99,0.99,0.98,0.96,0.97
Palmer,276,Palmer,200,61.60250474,-149.1188963,MATANUSKA AGRICULTURAL EXPERIMENT STATION AK US,GHCND:USC00505733,5.1,0.1,1.2,0.9,0.3,-0.3,-0.5,-0.6,-0.4,-0.3,-0.3,0.1,0.9,1.1,1,1,1,1,1,1,1,1,1,1,1,1,1,1
Paxson,236,Paxson,2600,63.02329022,-145.5138332,GULKANA AIRPORT AK US,GHCND:USW00026425,60,-1.4,3.3,0,-3.4,-5,-3.6,-3.2,-2.6,-2.6,-2,-1.7,0.8,3.2,1,0.97,0.94,1.03,1.01,1.02,0.98,0.94,0.93,0.92,0.92,1.06,1.17,0.93
Pedro Bay,137,Pedro Bay,100,59.78317671,-154.1158331,ILIAMNA AIRPORT AK US,GHCND:USW00025506,27.6,0.3,0.5,0.1,0.2,0.3,0,0.2,0.1,0.1,-0.1,0.7,0.8,0.3,0.54,0.87,0.82,0.87,0.89,0.94,0.88,0.88,0.9,0.89,0.85,0.84,0.72,0.73
Pelican,192,Pelican,200,57.95999993,-136.2269885,AUKE BAY AK US,GHCND:USC00500464,64.7,-0.2,2.3,1.8,0.7,-0.8,-1.8,-3,-1.9,-1.1,-0.2,-0.1,1.1,1.7,1,1,0.96,1.02,1,1.01,0.97,0.96,0.93,0.96,1.13,1.09,1.06,1.1
Perryville,138,Perryville,0,55.91380066,-159.1575891,KITOI BAY AK US,GHCND:USC00504812,300.1,0.1,0.1,-0.7,-1,0,0,-0.5,-0.5,-0.9,0.2,1.7,2.3,1.7,1.62,1.05,1.12,1.13,1.07,1.23,1.03,1.07,1.05,0.79,0.88,1.1,1.25,1.39
Petersburg,204,Petersburg,0,56.80508478,-132.9572066,WRANGELL AIRPORT AK US,GHCND:USC00509919,31.5,-0.9,-1.5,-1.1,-0.8,-0.9,-0.7,-0.3,-0.4,-0.7,-1.2,-1,-1.2,-1.3,1,0.99,0.9,0.9,0.99,0.97,1.01,1.02,1.01,1.01,0.98,0.98,0.9,0.93
Pilot Point,139,Pilot Point,0,57.55845265,-157.5714252,KING SALMON AIRPORT AK US,GHCND:USW00025503,84.9,2.1,5.8,5.5,2.6,1.6,-1.4,-1.8,-1.9,-1.1,0.8,3.6,5.2,6.4,1.14,0.93,0.91,0.83,0.79,0.82,0.91,0.99,1.01,1.02,1.05,0.96,0.91,1.09
Pilot Station,78,Pilot Station,100,61.93867063,-162.8827127,BETHEL AIRPORT AK US,GHCND:USW00026615,87.5,-0.6,-1.6,-1,-0.7,0.1,0.1,0.7,0.4,-0.2,-0.3,-0.6,-2.1,-2.8,0.62,0.79,0.76,0.8,0.8,0.84,0.82,0.88,0.82,0.78,0.79,0.6,0.63,0.59
Pitkas Point,79,Pitkas Point,200,62.03778251,-163.2783585,BETHEL AIRPORT AK US,GHCND:USW00026615,99.4,-0.4,-1.5,-0.5,0.1,0.4,0.4,1,0.4,-0.1,-0.3,-0.5,-2,-2.6,1,0.82,0.77,0.81,0.81,0.85,0.85,0.94,0.86,0.79,0.81,0.65,0.66,0.62
Platinum,102,Platinum,0,59.00743455,-161.81202,KING SALMON AIRPORT AK US,GHCND:USW00025503,185.7,-1.4,0.8,-0.9,-1.8,-4.1,-3,-3,-2.6,-3,-1.2,0,1.5,0.6,1.33,0.82,0.79,0.72,0.92,1.05,0.93,0.99,0.97,0.77,0.7,0.47,0.35,0.49
Point Baker,223,Point Baker,100,56.34859451,-133.6166429,LITTLE PORT WALTER AK US,GHCND:USC00505519,40.2,0,-0.1,-0.1,0.5,1,0.8,-1.2,-0.2,0.2,0.1,-0.5,-0.6,-0.6,1,1.06,1.13,1.06,1.05,1.05,1.12,1.05,1.03,1.07,1.04,1.01,1.07,1.08
Point Hope Com,318,Point Hope,0,68.34788168,-166.7698755,KOTZEBUE RALPH WEIN MEMORIAL AIRPORT AK ,GHCND:USW00026616,149.8,-2.3,0.2,-1.5,-3.8,-3.5,-4.3,-5.5,-5.8,-4.6,-2.7,0.9,2.1,0.6,1.33,1.29,0.96,1.22,1.32,1.46,1.48,1.5,1.44,1.31,0.87,0.58,0.32,0.02
Point Hope Res,42,Point Hope,0,68.34788168,-166.7698755,KOTZEBUE RALPH WEIN MEMORIAL AIRPORT AK ,GHCND:USW00026616,149.8,-2.3,0.2,-1.5,-3.8,-3.5,-4.3,-5.5,-5.8,-4.6,-2.7,0.9,2.1,0.6,1.33,1.29,0.96,1.22,1.32,1.46,1.48,1.5,1.44,1.31,0.87,0.58,0.32,0.02
Point Lay,43,Point Lay,0,69.74559881,-163.012135,BARROW W POST W ROGERS AIRPORT AK US,GHCND:USW00027502,180.4,3.6,4.1,1.3,1.2,2.6,3.3,4.1,6.6,6.6,4.1,3.8,2.8,3.3,1,1.31,10,1.84,1.08,1.02,1.57,1.25,1.27,1.36,1.66,2.03,536.1,1
Port Alexander,205,Port Alexander,0,56.25006676,-134.6506736,LITTLE PORT WALTER AK US,GHCND:USC00505519,10,0.7,0.8,0.6,0.8,1,0.8,0.4,0.8,0.7,0.6,0.4,0.5,0.7,1,1.01,1,1.02,1,1.01,1.02,1,1.02,1.03,1.01,1,1.01,1.01
Port Alsworth,140,Port Alsworth,300,60.20241337,-154.3201559,PORT ALSWORTH AK US,GHCND:USC00507570,0.1,0,0,0,-0.1,0,-0.1,-0.1,0,-0.1,-0.1,0,-0.1,0,1,1,1,1,1,1,1,1,1,1,1,1,1,1
Port Graham,246,Port Graham,100,59.34947923,-151.8327411,HOMER AIRPORT AK US,GHCND:USW00025507,23.7,-0.2,0.4,0.7,0.3,-0.8,-0.9,-0.9,-0.7,-0.8,-0.6,-0.7,0.5,0.8,1,0.92,0.8,0.81,0.91,0.9,0.97,0.93,0.94,0.99,1,0.84,0.79,0.96
Port Heiden,141,Port Heiden,100,56.93153305,-158.6215839,COLD BAY AIRPORT AK US,GHCND:USW00025624,198.2,-0.2,-2.1,-2.5,-0.8,0.8,1,1.6,1.7,1.6,0.9,-0.9,-1.5,-2.3,0.87,1.34,0.95,1.21,1.03,1.47,1.35,1.56,1.66,1.6,1.35,1.3,0.98,0.92
Port Lions,290,Port Lions,100,57.86668801,-152.8798556,KITOI BAY AK US,GHCND:USC00504812,29.2,0.3,-0.6,-0.1,0.4,0.6,1.5,0.2,0.6,0.5,0.4,0.2,1.2,-1.1,1,0.98,0.95,0.96,0.97,0.96,0.97,0.98,0.98,0.98,1.02,0.99,0.99,0.97
Port Protection,226,Port Protection,100,56.32215971,-133.606083,LITTLE PORT WALTER AK US,GHCND:USC00505519,40.8,-0.3,-0.4,-0.6,0.1,0.6,0.4,-1.4,-0.5,0,0,-0.7,-1,-0.9,1,1.06,1.13,1.06,1.05,1.05,1.12,1.05,1.03,1.07,1.04,1.01,1.07,1.08
Quinhagak,103,Quinhagak,0,59.75037046,-161.8985031,KING SALMON AIRPORT AK US,GHCND:USW00025503,199.6,-1.9,0.4,-1.6,-3.4,-4.8,-4.4,-3.5,-3,-2.8,-1.5,0,1.3,0.1,1.14,1.1,1.02,1.01,1.08,1.13,1.16,1.19,1.22,1.02,1.04,1.02,1.06,1.24
Rampart,174,Rampart,300,65.51008847,-150.152474,TANANA CALHOUN MEMORIAL AIRPORT AK US,GHCND:USW00026529,61.2,-1.4,-3.9,-2.5,-1.9,-1,-0.6,-0.3,0.9,0.7,-1.6,-1.9,-1.4,-2.4,1,1.02,0.9,1.06,1.04,1.03,1.03,1.04,0.99,1.04,1.03,0.99,0.9,0.96
Ruby,175,Ruby,300,64.73417397,-155.4846953,TANANA CALHOUN MEMORIAL AIRPORT AK US,GHCND:USW00026529,103.8,0.7,1.4,2.5,1.7,0.1,-0.3,-0.1,-0.2,-0.2,0.2,0.4,1.4,1.5,1,0.97,0.73,0.98,0.9,0.97,0.97,1.03,1,1.02,1.04,0.94,0.63,0.73
Russian Mission,80,Russian Mission,200,61.78527433,-161.3316784,BETHEL AIRPORT AK US,GHCND:USW00026615,71.5,-1.2,-2.3,-1.8,-1,0.6,0.4,0.4,0.1,-0.3,-1.2,-2.1,-3.6,-4.5,0.62,0.85,0.81,0.88,0.89,0.89,0.86,0.88,0.85,0.83,0.8,0.78,0.84,0.72
Saint George,148,St. George,0,56.60187622,-169.6031203,ST PAUL ISLAND AIRPORT AK US,GHCND:USW00025713,45.2,1,1.2,1.2,2.1,1.6,1.2,0.6,0.1,0.4,0.7,0.5,0.5,1.6,1.07,0.59,0.55,0.52,0.61,0.54,0.63,0.63,0.54,0.55,0.71,0.63,0.66,0.48
Saint Mary's,81,St. Mary's,200,62.05239412,-163.1793499,BETHEL AIRPORT AK US,GHCND:USW00026615,98.8,-0.4,-1.5,-0.7,-0.3,0.3,0.5,1.1,0.5,0.1,-0.2,-0.4,-2.1,-2.7,1,0.8,0.76,0.8,0.8,0.84,0.83,0.92,0.84,0.78,0.8,0.63,0.64,0.6
Saint Michael,63,St. Michael,0,63.48071584,-162.0474676,NOME MUNICIPAL AIRPORT AK US,GHCND:USW00026617,125.4,0.8,-1,0.2,1.6,2.2,1.8,2.8,2.5,1.7,0.7,-0.4,-1.2,-1.1,1,1,1.65,1.27,1.1,0.99,0.91,0.87,0.9,0.98,1.03,1.13,1.38,1.92
Saint Paul,149,St. Paul,0,57.12985455,-170.2757251,ST PAUL ISLAND AIRPORT AK US,GHCND:USW00025713,2.9,0,-0.1,0.2,-0.1,0.2,0,-0.1,-0.1,-0.1,0,0,0,0.1,1,1,1,1,1,1,1,1,1,1,1,1,1,1
Salcha,307,Salcha,600,64.54691927,-147.0064152,EIELSON FIELD AK US,GHCND:USC00502707,8.8,0.1,1.5,0.8,-0.1,-0.3,-0.4,-0.5,-0.3,-0.5,-0.2,0,0.9,0.9,1,1.01,1.09,1.03,1.01,1.01,1.02,1.01,1,1.01,1.02,1.02,1.04,1.09
Sand Point,146,Sand Point,100,55.34236338,-160.4910654,COLD BAY AIRPORT AK US,GHCND:USW00025624,88.9,1.8,2,2.7,2.6,1.7,0.8,0.6,1.2,1.6,1.5,1.7,2.8,2.2,0.8,1.39,1.07,1.28,1.13,1.34,1.27,1.52,1.78,1.39,1.26,1.57,1.62,1.35
Savoonga,64,Savoonga,0,63.69432944,-170.4858559,NOME MUNICIPAL AIRPORT AK US,GHCND:USW00026617,162.8,-1.9,-1.6,-4.2,-1.9,-3.1,-5.9,-7,-3.9,-2.3,-1.1,2.6,5,1,1.24,0.74,1.01,0.84,0.87,0.82,0.61,0.71,0.77,0.73,0.71,0.6,0.66,1.05
Saxman,208,Saxman,100,55.32102918,-131.5986916,ANNETTE WEATHER SERVICE OFFICE AIRPORT AK US,GHCND:USW00025308,19.5,-0.4,-1,-0.9,-0.6,-0.3,-0.3,-0.2,-0.1,0,-0.2,-0.5,-0.4,-0.8,1,1.01,1.04,1.05,1.01,1,1.02,1.02,1.02,1.01,0.99,0.99,0.98,1.03
Scammon Bay,82,Scammon Bay,0,61.84183799,-165.5802567,NOME MUNICIPAL AIRPORT AK US,GHCND:USW00026617,185.4,1.4,1.8,2.2,3.4,2.1,-0.5,-1.1,-0.8,0,0.9,2.7,3.3,2.3,1,0.76,1.7,0.87,0.8,0.8,0.7,0.65,0.66,0.72,0.84,0.74,0.99,1.73
Selawik,54,Selawik,0,66.59877034,-160.0104313,KOTZEBUE RALPH WEIN MEMORIAL AIRPORT AK ,GHCND:USW00026616,73.8,-0.3,-3.8,-0.5,-0.9,-0.6,3.1,4.9,3.6,1.9,0.4,-2.4,-5.8,-4,0.62,1.09,1.2,1.05,1.08,1.07,1.12,1.11,1.09,1.06,1.08,1.05,1.1,1.91
Seldovia,269,Seldovia,0,59.43917846,-151.7122248,HOMER AIRPORT AK US,GHCND:USW00025507,16.2,0.1,0.6,0.5,0.5,-0.3,-0.4,-0.2,0,-0.3,-0.5,-0.4,0.7,0.9,1,0.93,0.86,0.88,0.94,0.93,0.96,0.92,0.94,0.96,1,0.89,0.86,1
Seward,247,Seward,0,60.11136168,-149.4357188,SEWARD AIRPORT AK US,GHCND:USW00026438,1.3,-0.1,-0.2,-0.1,0,-0.1,-0.1,0,-0.1,-0.1,-0.1,0,-0.2,-0.1,1,1,1,1,1,1,1,1,1,1,1,1,1,1
Shageluk,157,Shageluk,100,62.65225944,-159.5255588,BETHEL AIRPORT AK US,GHCND:USW00026615,150.1,-1,-4.9,-2.9,-0.8,1.8,2.3,3.2,1.5,0.2,-0.4,-2.1,-5.3,-5.6,0.62,0.99,0.68,0.84,0.98,0.93,1.09,1.14,1.09,1.03,0.94,0.89,0.96,0.73
Shaktoolik,65,Shaktoolik,0,64.33657074,-161.1633922,NOME MUNICIPAL AIRPORT AK US,GHCND:USW00026617,128.5,0.5,-1.5,-0.3,0.9,1.7,1.8,2.7,2.6,1.8,0.6,-1,-1.9,-1.5,1.14,0.78,1.19,1.02,0.89,0.86,0.72,0.62,0.65,0.77,0.8,0.97,1.03,1
Shishmaref,66,Shishmaref,0,66.25675259,-166.0661594,KOTZEBUE RALPH WEIN MEMORIAL AIRPORT AK ,GHCND:USW00026616,105.4,-0.9,-1,-0.6,-1.5,-2,-2.6,-3.7,-3.4,-2.4,-0.5,2.3,3.6,1.1,1.14,1.04,1.61,1.09,1.12,1.02,1.02,1.06,1.14,0.95,0.94,0.87,0.94,4.98
Shungnak,55,Shungnak,200,66.8857366,-157.1487454,BETTLES AIRPORT AK US,GHCND:USW00026533,154.2,1.5,4.2,5.2,-1.5,-2.3,-2.2,-1.1,-0.4,0,1,2.5,6.1,6,1,1.07,1.29,1.05,1.04,1.08,1.13,1.06,1.07,1,0.96,1.07,1.22,41.2
Sitka,201,Sitka,100,57.06305927,-135.3373924,SITKA AIRPORT AK US,GHCND:USW00025333,1.5,-0.9,-1.2,-1.1,-0.9,-0.7,-0.7,-0.8,-0.8,-0.8,-0.8,-0.7,-1.1,-1.1,1,0.97,0.97,0.99,0.98,0.98,0.97,0.97,0.95,0.97,0.96,0.97,0.96,0.96
Skagway,195,Skagway,0,59.4616656,-135.310269,JUNEAU INTERNATIONAL AIRPORT AK US,GHCND:USW00025309,81.3,-0.3,-3.6,-2.5,-0.6,0.9,1.5,1.8,2,1.5,0.7,-0.5,-2.2,-3.1,1,1.29,1.2,1.27,1.2,1.29,1.36,1.35,1.38,1.25,1.27,1.14,1.35,1.18
Skwentna,277,Skwentna,200,61.95912393,-151.1636934,WHITES CROSSING AK US,GHCND:USC00509790,41.9,0.5,-0.4,0.4,0.5,0.2,0.2,1,0.7,0.4,0,0.9,1.1,0.3,1,0.96,0.96,1.01,1.03,0.99,0.92,0.92,0.98,0.89,0.9,1.04,1.04,1.05
Slana,237,Slana,2200,62.70398405,-143.8925103,GULKANA AIRPORT AK US,GHCND:USW00026425,62.7,0,2,0.8,-0.5,-0.5,-0.3,-0.4,-0.4,-0.7,-1.2,-0.6,-0.2,2.4,1,0.95,0.86,0.97,0.98,0.97,0.97,0.94,0.94,0.99,0.94,0.86,0.84,0.88
Sleetmute,114,Sleetmute,200,61.69408062,-157.1677681,MCGRATH AIRPORT AK US,GHCND:USW00026510,101,2.9,7,6.8,6.3,1.1,-0.7,-2.4,-1.7,-0.9,0.3,2.8,7,8.6,1,1.03,1.13,0.98,1.03,1,0.96,0.99,1.04,0.97,1.04,1.15,1.34,1.53
Soldotna,270,Soldotna,100,60.48940824,-151.0821313,KENAI MUNICIPAL AIRPORT AK US,GHCND:USW00026523,8.2,-0.7,-2.1,-1,-0.6,-0.1,0,0.2,0.1,0.1,-0.5,-1.1,-1.4,-1.7,1,1.04,1.06,1.02,1.02,1.03,1.04,1.05,1.06,1.04,1.05,1.03,1.04,1.07
South Naknek,127,South Naknek,100,58.71243594,-157.0072044,KING SALMON AIRPORT AK US,GHCND:USW00025503,12.8,1.1,3.7,3,1.7,0.4,-1.1,-1.2,-1.5,-0.8,0.4,1.7,3.1,3.1,1,1.12,1.09,1.09,1.09,1.1,1.13,1.13,1.14,1.09,1.12,1.15,1.22,1.17
Stebbins,67,Stebbins,0,63.52183527,-162.2765647,NOME MUNICIPAL AIRPORT AK US,GHCND:USW00026617,118,0.4,-1,-0.1,0.9,1.5,1.3,2.2,2,1.3,0.5,-0.7,-1.5,-1.2,1,1.05,1.55,1.3,1.14,1.05,0.97,0.95,0.98,1.01,1.05,1.07,1.32,1.88
Sterling,271,Sterling,300,60.51999294,-150.8471972,KENAI MUNICIPAL AIRPORT AK US,GHCND:USW00026523,13.9,-0.7,-2.5,-0.6,0.1,0.1,0.2,0.5,0.2,0.1,-0.7,-1.4,-2.4,-2.6,1,1.05,1.03,1,1.01,1.03,1.05,1.08,1.07,1.06,1.07,1.01,1.04,1.04
Stevens Village,176,Stevens Village,300,66.00801945,-149.0932443,BETTLES AIRPORT AK US,GHCND:USW00026533,91.9,0.4,-2.3,-1.6,1.2,2.9,1.6,1,0.9,1.5,0.6,0.9,-0.5,-1.9,1,1.15,1.91,1.4,1.17,1.08,1.1,0.99,1.13,1.15,1.17,1.25,1.75,264.6
Stony River,115,Stony River,200,61.78877946,-156.589207,MCGRATH AIRPORT AK US,GHCND:USW00026510,87.1,3.5,8.4,8,6.8,2.7,0.2,-1.2,-0.8,-0.1,0.8,3,6.8,7.2,1,1.02,1.08,0.92,1.01,0.98,0.97,1.01,1.03,0.99,1.02,1.15,1.3,1.4
Sutton,278,Sutton,500,61.71083712,-148.8963698,SUTTON 1 W AK US,GHCND:USC00508915,0.5,0.1,-0.3,-0.1,-0.1,0.2,0.2,0.2,0.1,0.1,0.1,0,0.1,-0.1,1,1,1,1,1,1,1,1,1,1,1,1,1,1
Takotna,158,Takotna,700,62.98391773,-156.0922977,MCGRATH AIRPORT AK US,GHCND:USW00026510,15.3,1,3.7,2.1,1.8,0.8,0.3,-0.2,-0.4,-0.5,0,-0.1,1.3,3.1,1,1.01,1.04,1.01,1.01,0.99,0.99,0.99,1.01,1,1.02,1.04,1.07,1.08
Talkeetna,279,Talkeetna,400,62.2899206,-150.0863411,TALKEETNA AIRPORT AK US,GHCND:USW00026528,2.1,0,0.8,0.2,0.1,-0.1,-0.2,-0.2,-0.3,-0.2,-0.3,-0.1,0.3,1,1,0.99,0.98,0.99,0.99,0.99,0.99,0.99,0.99,0.99,0.99,0.99,0.99,0.99
Tanacross,184,Tanacross,1500,63.36257441,-143.3965122,TOK AK US,GHCND:USC00509313,11,-0.3,-0.1,-0.6,-0.4,-0.1,0,0.1,0,-0.1,-0.3,0.1,-0.3,-0.5,1,0.97,1.01,0.99,0.99,0.97,0.98,0.96,0.97,0.96,0.95,1.01,1.05,1
Tanana,177,Tanana,200,65.1726481,-152.0671017,TANANA CALHOUN MEMORIAL AIRPORT AK US,GHCND:USW00026529,1.2,0,0.1,0.1,0.1,0,-0.1,0,0,0,0,0,0,-0.1,1,1,1,1,1,1,1,1,1,1,1,1,1,1
Tatitlek,242,Tatitlek,100,60.87384638,-146.6838035,CANNERY CREEK AK US,GHCND:USC00501240,29.6,0.4,1.9,1.6,0.8,0.2,0.1,-1,-0.7,-0.5,0,0.5,1.3,1,1,1.07,1,1.02,0.99,1.03,1.03,1.1,1.15,1.14,1.15,1.01,1.06,0.95
Tazlina,238,Tazlina,1100,62.06222838,-145.4226868,GULKANA AIRPORT AK US,GHCND:USW00026425,6.9,0.3,-1.1,-0.5,0.8,1.1,0.8,0.8,0.7,0.6,0.7,0.6,-0.3,-0.7,1,0.99,1,1,1,0.99,1,0.99,0.99,1,0.99,0.97,0.97,1.01
Teller,68,Teller,0,65.25410494,-166.3362696,NOME MUNICIPAL AIRPORT AK US,GHCND:USW00026617,57.9,-1.6,-2.3,-3.9,-3.3,-3.4,-3.2,-1.3,0.1,0.3,-0.3,0.4,-0.7,-1.8,1,0.88,0.79,0.87,0.93,0.89,0.92,0.87,0.84,0.9,0.93,0.86,0.83,0.65
Tenakee Springs,199,Tenakee Springs,100,57.78080812,-135.2184631,JUNEAU INTERNATIONAL AIRPORT AK US,GHCND:USW00025309,46.6,0.1,1.2,1,0.3,-0.5,-0.6,-0.8,-0.6,-0.3,0,-0.1,0.5,0.8,1,1.13,1.12,1.15,1.05,1.05,1.11,1.14,1.17,1.12,1.18,1.17,1.13,1.27
Tetlin,185,Tetlin,1600,63.13712418,-142.5263944,NORTHWAY AIRPORT AK US,GHCND:USW00026412,22.4,0,1.1,0.8,0.2,0.1,-0.5,-0.4,-0.7,-1.1,-0.6,-0.4,0.7,1.5,1,1.04,1.07,1.06,1.07,1.02,1.04,1.02,1.03,1.04,1.01,1.17,1.19,0.97
Thorne Bay,227,Thorne Bay,0,55.673432,-132.525063,WRANGELL AIRPORT AK US,GHCND:USC00509919,56.5,0,0.2,0,-0.3,-1,-0.4,0.4,0.5,1.2,0.6,0,-0.6,-0.5,1,1.06,1.02,0.98,1.01,0.95,1.02,1.06,1.07,1.1,1.17,1.14,1.17,1.19
Togiak,123,Togiak,0,59.06002659,-160.3913248,KING SALMON AIRPORT AK US,GHCND:USW00025503,136,-1.1,1.8,0.3,-2.3,-2.8,-3,-2.5,-2.2,-2.5,-0.9,0,0.7,-0.6,1,1.02,1.02,1.05,1.06,0.98,0.99,1.03,1.08,0.86,0.99,1.1,1.11,1.09
Tok,186,Tok,1600,63.3342024,-143.0416746,TOK AK US,GHCND:USC00509313,1.2,-0.1,-0.1,-0.1,0,0,0,0,0,0,0,0,-0.1,-0.1,1,1,1,1,1,1,1,1,1,1,1,1,0.99,0.99
Toksook Bay,104,Toksook Bay,100,60.53379304,-165.1124537,BETHEL AIRPORT AK US,GHCND:USW00026615,112.5,0.8,5.7,3.5,1.5,-0.6,-3.5,-5.1,-4.1,-2,0.1,3.5,5.1,5,1.33,0.65,0.69,0.66,0.69,0.57,0.61,0.75,0.77,0.66,0.6,0.49,0.53,0.68
Tonsina,239,Tonsina,1500,61.66073784,-145.1816769,GULKANA AIRPORT AK US,GHCND:USW00026425,35.9,0.5,2.3,2.3,1.4,0.1,-0.5,-1.3,-1,-0.7,-0.6,0.7,1.8,1.6,1,0.89,0.86,0.92,0.9,0.88,0.92,0.87,0.86,0.93,0.83,0.93,1.04,0.86
Trapper Creek,280,Trapper Creek,400,62.31550173,-150.287153,TALKEETNA AIRPORT AK US,GHCND:USW00026528,6.2,0.4,1.5,1.1,0.4,-0.2,-0.3,0.1,-0.1,0,-0.1,0.1,1.2,1.7,1,1.01,1.03,1.01,1.01,1.01,1.01,1.01,1,1,1.01,1.01,1.02,1.03
Tuluksak,105,Tuluksak,0,61.09873747,-160.9592998,BETHEL AIRPORT AK US,GHCND:USW00026615,36.4,-0.1,-0.8,-0.2,-0.1,0.9,0.6,0.6,0.4,0.3,0.1,-0.5,-1.3,-1.7,0.62,0.74,0.71,0.8,0.81,0.8,0.72,0.74,0.75,0.73,0.69,0.62,0.67,0.54
Tuntutuliak,106,Tuntutuliak,0,60.34220716,-162.6700504,BETHEL AIRPORT AK US,GHCND:USW00026615,42,1.9,6,5,3.9,1.2,-1.5,-2.7,-2.3,-0.9,1,3.6,4.6,4.8,1,0.92,0.89,0.85,0.85,0.79,0.89,0.96,1.01,0.98,0.95,1,0.96,1
Tununak,107,Tununak,0,60.58372449,-165.2583348,BETHEL AIRPORT AK US,GHCND:USW00026615,116.8,0.2,4.8,2.8,0.8,-1.9,-4.5,-5.7,-4.1,-2.1,-0.1,3.2,4.7,4.4,1.33,0.67,0.71,0.68,0.7,0.6,0.63,0.77,0.78,0.68,0.63,0.51,0.55,0.72
Twin Hills,124,Twin Hills,0,59.07304278,-160.2830638,KING SALMON AIRPORT AK US,GHCND:USW00025503,132.3,-1,2,0.6,-2,-2.7,-3.1,-2.6,-2.3,-2.5,-0.9,-0.1,1.1,-0.3,1,1.05,1.01,1.06,1.06,1.02,1.05,1.06,1.1,0.9,1.04,1.15,1.18,1.09
Tyonek,272,Tyonek,100,61.07648355,-151.1507079,BIG RIVER LAKES AK US,GHCND:USC00500788,42.6,-0.3,0.5,-0.7,-0.6,-0.3,-0.2,-0.9,-0.1,0,0.1,-0.4,-0.5,-0.4,1.62,0.97,0.83,0.9,0.97,0.99,1.02,1.02,0.91,0.99,1,0.94,0.89,0.79
Ugashik,142,Ugashik,0,57.50455858,-157.3953701,KING SALMON AIRPORT AK US,GHCND:USW00025503,86.2,2.3,6.5,5.2,4.3,1.1,-0.7,-1.3,-1.4,-0.8,0.5,2.4,5.6,6.5,1,0.94,0.89,0.85,0.78,0.8,0.91,1.01,1.04,1.04,1.03,1.01,0.93,1.1
Unalakleet,69,Unalakleet,0,63.87894916,-160.7910834,NOME MUNICIPAL AIRPORT AK US,GHCND:USW00026617,146.9,1.2,-0.8,0.8,2.6,3.2,2.4,2.7,3,2.5,1.4,-0.4,-1.8,-1,1.14,0.79,1.28,1.01,0.89,0.86,0.75,0.63,0.68,0.79,0.79,0.92,1.02,1.06
Unalaska,151,Unalaska,0,53.87313185,-166.5253152,DUTCH HARBOR AK US,GHCND:USC00502587,1.9,-0.2,-0.5,-0.8,-0.4,0,0.1,0.1,0.1,-0.2,0,-0.1,-0.7,-0.7,1,1,1,1,1,1,1,1,1,1,1,1,1,1
Upper Kalskag,116,Upper Kalskag,100,61.54224479,-160.3201305,BETHEL AIRPORT AK US,GHCND:USW00026615,72.8,-0.8,-2.7,-1.4,-0.5,1,1.6,1.3,0.8,0,-0.7,-1.4,-3.3,-4.5,0.62,0.97,0.95,0.95,0.98,0.98,0.94,1,0.96,0.97,0.9,0.94,1.04,0.99
Valdez,243,Valdez,0,61.12578823,-146.2856636,VALDEZ WEATHER SERVICE OFFICE AK US,GHCND:USW00026442,2.2,-0.4,-1.7,-1,-0.1,-0.1,0,0,0,0.1,0.2,0,-1.6,-1.6,1,0.99,1,1,1,0.99,0.99,0.99,0.99,0.99,0.99,0.99,0.99,0.99
Venetie,162,Venetie,600,67.01568896,-146.4110856,BETTLES AIRPORT AK US,GHCND:USW00026533,139.2,-0.2,-3.8,-2.6,0.4,1.9,1.8,2,1.4,1.3,0.6,0.5,-3,-2.5,1,1.2,1.35,1.18,1.17,1.12,1.18,1.08,1.16,1.3,1.41,1.27,1.55,5.4
Wainwright Com,319,Wainwright,0,70.64490753,-160.0177757,BARROW W POST W ROGERS AIRPORT AK US,GHCND:USW00027502,86.5,1.7,1.2,-0.3,-0.3,1.6,2.6,1.7,3.8,3.1,1.7,1.7,1.4,2.1,1,1.42,1,1.92,1.2,1.23,1.69,1.34,1.34,1.43,1.69,2.23,196.7,1
Wainwright Res,44,Wainwright,0,70.64490753,-160.0177757,BARROW W POST W ROGERS AIRPORT AK US,GHCND:USW00027502,86.5,1.7,1.2,-0.3,-0.3,1.6,2.6,1.7,3.8,3.1,1.7,1.7,1.4,2.1,1,1.42,1,1.92,1.2,1.23,1.69,1.34,1.34,1.43,1.69,2.23,196.7,1
Wales,70,Wales,0,65.6099851,-168.0900165,KOTZEBUE RALPH WEIN MEMORIAL AIRPORT AK ,GHCND:USW00026616,177.3,-0.2,2.7,0.1,-0.6,-1.7,-3.7,-5.1,-5.6,-3.6,-0.6,5.2,7.2,3.5,1.43,0.98,1.2,0.98,1.14,1.07,0.99,1.14,1.03,0.87,0.76,0.58,0.54,2.28
Ward Cove,209,Ward Cove,200,55.41157511,-131.724342,ANNETTE WEATHER SERVICE OFFICE AIRPORT AK US,GHCND:USW00025308,26.4,-1,-1.9,-1.7,-1.5,-0.8,-0.4,-0.4,-0.3,-0.3,-0.9,-1.4,-1,-1.4,1,0.98,0.99,1.01,0.98,0.96,0.99,0.99,0.99,0.98,0.96,0.95,0.95,0.98
Wasilla,281,Wasilla,300,61.583169,-149.454846,MATANUSKA AGRICULTURAL EXPERIMENT STATION AK US,GHCND:USC00505733,6.7,0.3,2.1,1.1,0.3,-0.5,-0.7,-0.7,-0.6,-0.5,-0.5,0.2,1.3,1.9,1.62,0.99,1.01,1,0.99,0.99,0.99,0.99,0.99,0.99,0.98,0.99,1,1
Whale Pass,311,Whale Pass,200,56.11506391,-133.1548106,WRANGELL AIRPORT AK US,GHCND:USC00509919,39.6,-0.7,-0.8,-0.9,-1.1,-1.5,-1.2,-0.1,-0.4,0.3,-0.5,-0.4,-1,-0.5,1,1.07,0.97,1.02,1.06,1.02,1.07,1.08,1.07,1.08,1.09,1.13,1.09,1.16
White Mountain,71,White Mountain,100,64.68046978,-163.4017057,NOME MUNICIPAL AIRPORT AK US,GHCND:USW00026617,61.7,0.1,-2.3,-1.1,0.1,1.4,1.6,3.2,2.8,1.1,0.2,-1.3,-2.4,-1.8,0.62,0.83,0.79,0.86,0.83,0.85,0.82,0.78,0.76,0.82,0.92,0.94,1.04,0.73
Whittier,244,Whittier,0,60.7732124,-148.6827056,CANNERY CREEK AK US,GHCND:USC00501240,42.8,-0.1,-1.4,-0.6,-1,0.6,1.2,0.8,1.1,0.9,-0.2,-0.7,-1.6,-0.9,1,0.96,0.88,0.94,0.89,0.95,0.93,0.95,0.93,0.98,1.03,1.05,0.98,0.92
Willow,282,Willow,200,61.75025966,-150.0254831,WHITES CROSSING AK US,GHCND:USC00509790,3.2,0,-0.6,-0.5,-0.3,0.1,0.2,0.2,0.2,0.1,0,0.3,0.1,-0.5,1,0.98,0.98,0.99,0.99,0.99,0.98,0.99,0.99,0.97,0.97,0.98,0.99,0.97
Wiseman,178,Wiseman,1300,67.411401,-150.121585,BETTLES AIRPORT AK US,GHCND:USW00026533,50.8,0.1,2.4,2,1.6,-0.4,-1.3,-1.7,-2,-1.9,-1.6,-0.9,0.8,3.5,1,0.99,0.83,0.99,1.02,1.01,0.97,0.98,0.98,0.98,0.99,0.98,0.92,1
Wrangell,202,Wrangell,0,56.4208251,-132.3526231,WRANGELL AIRPORT AK US,GHCND:USC00509919,4.5,-0.3,-0.6,-0.5,-0.6,-0.6,-0.1,0.2,0,-0.1,-0.2,-0.4,-0.6,-0.6,1,1,1,1,1,1,1,1,1,1,1,1,1.01,1.01
Yakutat,193,Yakutat,100,59.54671839,-139.7280553,YAKUTAT AIRPORT AK US,GHCND:USW00025339,3.1,-0.1,0.1,0,0,-0.1,0,-0.1,-0.2,-0.1,0,-0.1,0,0,1,0.99,0.99,1,1,0.99,0.98,0.98,0.98,0.98,0.98,0.99,1,0.99
