,station_name,MONTH,Wind
0,ALYESKA AK US,1.0,6.0010829999999995
1,ALYESKA AK US,2.0,6.06924
2,ALYESKA AK US,3.0,6.586587000000001
3,ALYESKA AK US,4.0,6.633873
4,ALYESKA AK US,5.0,7.532658
5,ALYESKA AK US,6.0,7.468497
6,ALYESKA AK US,7.0,6.69024
7,ALYESKA AK US,8.0,6.212169
8,ALYESKA AK US,9.0,6.344874
9,ALYESKA AK US,10.0,6.106086
10,ALYESKA AK US,11.0,6.004746
11,ALYESKA AK US,12.0,5.69709
12,ANCHORAGE TED STEVENS INTERNATIONAL AIRPORT AK US,1.0,6.66787
13,ANCHORAGE TED STEVENS INTERNATIONAL AIRPORT AK US,2.0,6.74360
14,ANCHORAGE TED STEVENS INTERNATIONAL AIRPORT AK US,3.0,7.31843
15,ANCHORAGE TED STEVENS INTERNATIONAL AIRPORT AK US,4.0,7.37097
16,ANCHORAGE TED STEVENS INTERNATIONAL AIRPORT AK US,5.0,8.36962
17,ANCHORAGE TED STEVENS INTERNATIONAL AIRPORT AK US,6.0,8.29833
18,ANCHORAGE TED STEVENS INTERNATIONAL AIRPORT AK US,7.0,7.43360
19,ANCHORAGE TED STEVENS INTERNATIONAL AIRPORT AK US,8.0,6.90241
20,ANCHORAGE TED STEVENS INTERNATIONAL AIRPORT AK US,9.0,7.04986
21,ANCHORAGE TED STEVENS INTERNATIONAL AIRPORT AK US,10.0,6.78454
22,ANCHORAGE TED STEVENS INTERNATIONAL AIRPORT AK US,11.0,6.67194
23,ANCHORAGE TED STEVENS INTERNATIONAL AIRPORT AK US,12.0,6.33010
24,ANNETTE WEATHER SERVICE OFFICE AIRPORT AK US,1.0,9.51875
25,ANNETTE WEATHER SERVICE OFFICE AIRPORT AK US,2.0,9.20089
26,ANNETTE WEATHER SERVICE OFFICE AIRPORT AK US,3.0,9.43272
27,ANNETTE WEATHER SERVICE OFFICE AIRPORT AK US,4.0,8.96041
28,ANNETTE WEATHER SERVICE OFFICE AIRPORT AK US,5.0,8.10927
29,ANNETTE WEATHER SERVICE OFFICE AIRPORT AK US,6.0,7.74062
30,ANNETTE WEATHER SERVICE OFFICE AIRPORT AK US,7.0,7.06895
31,ANNETTE WEATHER SERVICE OFFICE AIRPORT AK US,8.0,7.14495
32,ANNETTE WEATHER SERVICE OFFICE AIRPORT AK US,9.0,7.53687
33,ANNETTE WEATHER SERVICE OFFICE AIRPORT AK US,10.0,8.95846
34,ANNETTE WEATHER SERVICE OFFICE AIRPORT AK US,11.0,9.48604
35,ANNETTE WEATHER SERVICE OFFICE AIRPORT AK US,12.0,9.40967
36,AUKE BAY AK US,1.0,7.2301
37,AUKE BAY AK US,2.0,7.30818
38,AUKE BAY AK US,3.0,7.86689
39,AUKE BAY AK US,4.0,7.83125
40,AUKE BAY AK US,5.0,7.46868
41,AUKE BAY AK US,6.0,7.04763
42,AUKE BAY AK US,7.0,6.79368
43,AUKE BAY AK US,8.0,6.92365
44,AUKE BAY AK US,9.0,7.81125
45,AUKE BAY AK US,10.0,8.53857
46,AUKE BAY AK US,11.0,7.60361
47,AUKE BAY AK US,12.0,7.76303
48,BARROW W POST W ROGERS AIRPORT AK US,1.0,12.4276
49,BARROW W POST W ROGERS AIRPORT AK US,2.0,12.6151
50,BARROW W POST W ROGERS AIRPORT AK US,3.0,11.7397
51,BARROW W POST W ROGERS AIRPORT AK US,4.0,11.905
52,BARROW W POST W ROGERS AIRPORT AK US,5.0,12.4590
53,BARROW W POST W ROGERS AIRPORT AK US,6.0,12.0491
54,BARROW W POST W ROGERS AIRPORT AK US,7.0,12.1786
55,BARROW W POST W ROGERS AIRPORT AK US,8.0,12.5145
56,BARROW W POST W ROGERS AIRPORT AK US,9.0,13.1780
57,BARROW W POST W ROGERS AIRPORT AK US,10.0,13.7411
58,BARROW W POST W ROGERS AIRPORT AK US,11.0,13.1793
59,BARROW W POST W ROGERS AIRPORT AK US,12.0,12.7982
60,BETHEL AIRPORT AK US,1.0,14.3376
61,BETHEL AIRPORT AK US,2.0,13.8867
62,BETHEL AIRPORT AK US,3.0,13.4803
63,BETHEL AIRPORT AK US,4.0,12.0413
64,BETHEL AIRPORT AK US,5.0,10.9346
65,BETHEL AIRPORT AK US,6.0,10.0245
66,BETHEL AIRPORT AK US,7.0,9.93481
67,BETHEL AIRPORT AK US,8.0,10.5388
68,BETHEL AIRPORT AK US,9.0,10.865
69,BETHEL AIRPORT AK US,10.0,11.6314
70,BETHEL AIRPORT AK US,11.0,12.4536
71,BETHEL AIRPORT AK US,12.0,12.9025
72,BETTLES AIRPORT AK US,1.0,5.14784
73,BETTLES AIRPORT AK US,2.0,5.39508
74,BETTLES AIRPORT AK US,3.0,6.20376
75,BETTLES AIRPORT AK US,4.0,6.73333
76,BETTLES AIRPORT AK US,5.0,6.71034
77,BETTLES AIRPORT AK US,6.0,6.185
78,BETTLES AIRPORT AK US,7.0,5.90483
79,BETTLES AIRPORT AK US,8.0,5.56008
80,BETTLES AIRPORT AK US,9.0,5.78361
81,BETTLES AIRPORT AK US,10.0,5.81491
82,BETTLES AIRPORT AK US,11.0,5.15555
83,BETTLES AIRPORT AK US,12.0,4.95604
84,BIG DELTA AIRPORT AK US,1.0,12.2767
85,BIG DELTA AIRPORT AK US,2.0,10.8315
86,BIG DELTA AIRPORT AK US,3.0,9.44226
87,BIG DELTA AIRPORT AK US,4.0,8.29
88,BIG DELTA AIRPORT AK US,5.0,7.95362
89,BIG DELTA AIRPORT AK US,6.0,7.12291
90,BIG DELTA AIRPORT AK US,7.0,6.23279
91,BIG DELTA AIRPORT AK US,8.0,6.51706
92,BIG DELTA AIRPORT AK US,9.0,7.92680
93,BIG DELTA AIRPORT AK US,10.0,8.39744
94,BIG DELTA AIRPORT AK US,11.0,10.2681
95,BIG DELTA AIRPORT AK US,12.0,11.8141
96,BIG RIVER LAKES AK US,1.0,2.4110264396103873
97,BIG RIVER LAKES AK US,2.0,7.857924011440353
98,BIG RIVER LAKES AK US,3.0,5.855736493060482
99,BIG RIVER LAKES AK US,4.0,5.4292442864776875
100,BIG RIVER LAKES AK US,5.0,9.421012901702474
101,BIG RIVER LAKES AK US,6.0,5.516857842345307
102,BIG RIVER LAKES AK US,7.0,4.9423185701852494
103,BIG RIVER LAKES AK US,8.0,7.144383371744863
104,BIG RIVER LAKES AK US,9.0,6.213416680129755
105,BIG RIVER LAKES AK US,10.0,10.535274528488346
106,BIG RIVER LAKES AK US,11.0,5.891234916176823
107,BIG RIVER LAKES AK US,12.0,5.559281564833034
108,CANNERY CREEK AK US,1.0,7.200908246498148
109,CANNERY CREEK AK US,2.0,6.521417830556953
110,CANNERY CREEK AK US,3.0,5.539137061596427
111,CANNERY CREEK AK US,4.0,4.353337392968523
112,CANNERY CREEK AK US,5.0,5.9083527328574235
113,CANNERY CREEK AK US,6.0,6.0692582052269834
114,CANNERY CREEK AK US,7.0,5.742987407781242
115,CANNERY CREEK AK US,8.0,4.412247537259305
116,CANNERY CREEK AK US,9.0,3.78944163445883
117,CANNERY CREEK AK US,10.0,5.548156988418815
118,CANNERY CREEK AK US,11.0,13.702200902233242
119,CANNERY CREEK AK US,12.0,5.343404649551753
120,COLD BAY AIRPORT AK US,1.0,16.9534
121,COLD BAY AIRPORT AK US,2.0,17.3043
122,COLD BAY AIRPORT AK US,3.0,17.2397
123,COLD BAY AIRPORT AK US,4.0,16.7158
124,COLD BAY AIRPORT AK US,5.0,15.8977
125,COLD BAY AIRPORT AK US,6.0,15.2301
126,COLD BAY AIRPORT AK US,7.0,14.9760
127,COLD BAY AIRPORT AK US,8.0,15.4481
128,COLD BAY AIRPORT AK US,9.0,15.8948
129,COLD BAY AIRPORT AK US,10.0,16.3123
130,COLD BAY AIRPORT AK US,11.0,17.3893
131,COLD BAY AIRPORT AK US,12.0,17.3018
132,COLLEGE 5 NW AK US,1.0,2.71397
133,COLLEGE 5 NW AK US,2.0,3.28616
134,COLLEGE 5 NW AK US,3.0,5.05087
135,COLLEGE 5 NW AK US,4.0,5.96513
136,COLLEGE 5 NW AK US,5.0,6.81895
137,COLLEGE 5 NW AK US,6.0,6.27944
138,COLLEGE 5 NW AK US,7.0,5.7965
139,COLLEGE 5 NW AK US,8.0,5.51303
140,COLLEGE 5 NW AK US,9.0,5.25486
141,COLLEGE 5 NW AK US,10.0,4.46478
142,COLLEGE 5 NW AK US,11.0,2.97083
143,COLLEGE 5 NW AK US,12.0,2.3629
144,COLLEGE OBSERVATORY AK US,1.0,2.71397
145,COLLEGE OBSERVATORY AK US,2.0,3.28616
146,COLLEGE OBSERVATORY AK US,3.0,5.05087
147,COLLEGE OBSERVATORY AK US,4.0,5.96513
148,COLLEGE OBSERVATORY AK US,5.0,6.81895
149,COLLEGE OBSERVATORY AK US,6.0,6.27944
150,COLLEGE OBSERVATORY AK US,7.0,5.7965
151,COLLEGE OBSERVATORY AK US,8.0,5.51303
152,COLLEGE OBSERVATORY AK US,9.0,5.25486
153,COLLEGE OBSERVATORY AK US,10.0,4.46478
154,COLLEGE OBSERVATORY AK US,11.0,2.97083
155,COLLEGE OBSERVATORY AK US,12.0,2.3629
156,COOPER LANDING 5 W AK US,1.0,7.245105887927613
157,COOPER LANDING 5 W AK US,2.0,10.405108394035528
158,COOPER LANDING 5 W AK US,3.0,10.287827869328932
159,COOPER LANDING 5 W AK US,4.0,10.023052928529722
160,COOPER LANDING 5 W AK US,5.0,9.020828815018175
161,COOPER LANDING 5 W AK US,6.0,10.49032522649039
162,COOPER LANDING 5 W AK US,7.0,8.189792890453615
163,COOPER LANDING 5 W AK US,8.0,8.487149811363285
164,COOPER LANDING 5 W AK US,9.0,8.409037245081862
165,COOPER LANDING 5 W AK US,10.0,11.908408055075252
166,COOPER LANDING 5 W AK US,11.0,11.745808840891305
167,COOPER LANDING 5 W AK US,12.0,9.028345420703419
168,CORDOVA M K SMITH AIRPORT AK US,1.0,5.291089073982241
169,CORDOVA M K SMITH AIRPORT AK US,2.0,8.239735366228242
170,CORDOVA M K SMITH AIRPORT AK US,3.0,6.4179785983194115
171,CORDOVA M K SMITH AIRPORT AK US,4.0,4.964457479463615
172,CORDOVA M K SMITH AIRPORT AK US,5.0,4.261614759326292
173,CORDOVA M K SMITH AIRPORT AK US,6.0,4.292132178408535
174,CORDOVA M K SMITH AIRPORT AK US,7.0,5.92098063040867
175,CORDOVA M K SMITH AIRPORT AK US,8.0,3.1145807317525915
176,CORDOVA M K SMITH AIRPORT AK US,9.0,4.381920538854434
177,CORDOVA M K SMITH AIRPORT AK US,10.0,4.009958800983125
178,CORDOVA M K SMITH AIRPORT AK US,11.0,1.7025612984204732
179,CORDOVA M K SMITH AIRPORT AK US,12.0,4.8163402588999595
180,DUTCH HARBOR AK US,1.0,11.697341767432608
181,DUTCH HARBOR AK US,2.0,10.516955486632556
182,DUTCH HARBOR AK US,3.0,11.882550931517978
183,DUTCH HARBOR AK US,4.0,11.835597201337205
184,DUTCH HARBOR AK US,5.0,12.201555676801194
185,DUTCH HARBOR AK US,6.0,11.525221519380683
186,DUTCH HARBOR AK US,7.0,7.8581602476190735
187,DUTCH HARBOR AK US,8.0,5.416466056812709
188,DUTCH HARBOR AK US,9.0,12.783811997464818
189,DUTCH HARBOR AK US,10.0,13.166086518336295
190,DUTCH HARBOR AK US,11.0,11.004511166068085
191,DUTCH HARBOR AK US,12.0,14.98540575840146
192,EAGLE AIRPORT AK US,1.0,3.432082155898807
193,EAGLE AIRPORT AK US,2.0,3.4955545219069313
194,EAGLE AIRPORT AK US,3.0,5.388203619436066
195,EAGLE AIRPORT AK US,4.0,4.6863931798128355
196,EAGLE AIRPORT AK US,5.0,4.929089344179129
197,EAGLE AIRPORT AK US,6.0,5.839660979034871
198,EAGLE AIRPORT AK US,7.0,3.4041203827495616
199,EAGLE AIRPORT AK US,8.0,5.716228291541653
200,EAGLE AIRPORT AK US,9.0,3.32123727739321
201,EAGLE AIRPORT AK US,10.0,4.525597950993339
202,EAGLE AIRPORT AK US,11.0,4.780841835783613
203,EAGLE AIRPORT AK US,12.0,1.9122244863352118
204,EIELSON FIELD AK US,1.0,5.258918001649218
205,EIELSON FIELD AK US,2.0,4.110380652938451
206,EIELSON FIELD AK US,3.0,5.184954601706068
207,EIELSON FIELD AK US,4.0,6.496141275305406
208,EIELSON FIELD AK US,5.0,6.437221108873726
209,EIELSON FIELD AK US,6.0,6.043471236656016
210,EIELSON FIELD AK US,7.0,4.454641193324274
211,EIELSON FIELD AK US,8.0,6.1699306107051655
212,EIELSON FIELD AK US,9.0,4.97688493419662
213,EIELSON FIELD AK US,10.0,4.177128111423734
214,EIELSON FIELD AK US,11.0,4.922825506108089
215,EIELSON FIELD AK US,12.0,1.62629280606716
216,FAIRBANKS INTERNATIONAL AIRPORT AK US,1.0,2.71397
217,FAIRBANKS INTERNATIONAL AIRPORT AK US,2.0,3.28616
218,FAIRBANKS INTERNATIONAL AIRPORT AK US,3.0,5.05087
219,FAIRBANKS INTERNATIONAL AIRPORT AK US,4.0,5.96513
220,FAIRBANKS INTERNATIONAL AIRPORT AK US,5.0,6.81895
221,FAIRBANKS INTERNATIONAL AIRPORT AK US,6.0,6.27944
222,FAIRBANKS INTERNATIONAL AIRPORT AK US,7.0,5.79650
223,FAIRBANKS INTERNATIONAL AIRPORT AK US,8.0,5.51303
224,FAIRBANKS INTERNATIONAL AIRPORT AK US,9.0,5.25486
225,FAIRBANKS INTERNATIONAL AIRPORT AK US,10.0,4.46478
226,FAIRBANKS INTERNATIONAL AIRPORT AK US,11.0,2.97083
227,FAIRBANKS INTERNATIONAL AIRPORT AK US,12.0,2.36290
228,GLEN ALPS AK US,1.0,12.9356678
229,GLEN ALPS AK US,2.0,13.082583999999999
230,GLEN ALPS AK US,3.0,14.1977542
231,GLEN ALPS AK US,4.0,14.299681799999998
232,GLEN ALPS AK US,5.0,16.237062799999997
233,GLEN ALPS AK US,6.0,16.0987602
234,GLEN ALPS AK US,7.0,14.421184
235,GLEN ALPS AK US,8.0,13.3906754
236,GLEN ALPS AK US,9.0,13.6767284
237,GLEN ALPS AK US,10.0,13.162007599999999
238,GLEN ALPS AK US,11.0,12.9435636
239,GLEN ALPS AK US,12.0,12.280394
240,GULKANA AIRPORT AK US,1.0,2.94331
241,GULKANA AIRPORT AK US,2.0,3.73020
242,GULKANA AIRPORT AK US,3.0,5.37362
243,GULKANA AIRPORT AK US,4.0,6.32194
244,GULKANA AIRPORT AK US,5.0,7.17083
245,GULKANA AIRPORT AK US,6.0,6.86916
246,GULKANA AIRPORT AK US,7.0,6.63373
247,GULKANA AIRPORT AK US,8.0,6.45201
248,GULKANA AIRPORT AK US,9.0,6.46676
249,GULKANA AIRPORT AK US,10.0,4.58817
250,GULKANA AIRPORT AK US,11.0,3.01723
251,GULKANA AIRPORT AK US,12.0,2.92121
252,HOMER 8 NW AK US,1.0,7.891
253,HOMER 8 NW AK US,2.0,7.50648
254,HOMER 8 NW AK US,3.0,8.21421
255,HOMER 8 NW AK US,4.0,8.28911
256,HOMER 8 NW AK US,5.0,8.37386
257,HOMER 8 NW AK US,6.0,8.02972
258,HOMER 8 NW AK US,7.0,7.49954
259,HOMER 8 NW AK US,8.0,7.17811
260,HOMER 8 NW AK US,9.0,7.37001
261,HOMER 8 NW AK US,10.0,7.52243
262,HOMER 8 NW AK US,11.0,7.77666
263,HOMER 8 NW AK US,12.0,7.91965
264,HOMER AIRPORT AK US,1.0,7.891
265,HOMER AIRPORT AK US,2.0,7.50648
266,HOMER AIRPORT AK US,3.0,8.21421
267,HOMER AIRPORT AK US,4.0,8.28911
268,HOMER AIRPORT AK US,5.0,8.37386
269,HOMER AIRPORT AK US,6.0,8.02972
270,HOMER AIRPORT AK US,7.0,7.49954
271,HOMER AIRPORT AK US,8.0,7.17811
272,HOMER AIRPORT AK US,9.0,7.37001
273,HOMER AIRPORT AK US,10.0,7.52243
274,HOMER AIRPORT AK US,11.0,7.77666
275,HOMER AIRPORT AK US,12.0,7.91965
276,ILIAMNA AIRPORT AK US,1.0,12.785445606433735
277,ILIAMNA AIRPORT AK US,2.0,12.211971544679376
278,ILIAMNA AIRPORT AK US,3.0,13.076187914340373
279,ILIAMNA AIRPORT AK US,4.0,8.141846968322453
280,ILIAMNA AIRPORT AK US,5.0,8.397251207367335
281,ILIAMNA AIRPORT AK US,6.0,10.177153367218914
282,ILIAMNA AIRPORT AK US,7.0,9.687100742961373
283,ILIAMNA AIRPORT AK US,8.0,8.998278997962355
284,ILIAMNA AIRPORT AK US,9.0,9.13946089701371
285,ILIAMNA AIRPORT AK US,10.0,12.269505792196119
286,ILIAMNA AIRPORT AK US,11.0,11.781537773248669
287,ILIAMNA AIRPORT AK US,12.0,12.04881824927635
288,JUNEAU INTERNATIONAL AIRPORT AK US,1.0,7.23010
289,JUNEAU INTERNATIONAL AIRPORT AK US,2.0,7.30818
290,JUNEAU INTERNATIONAL AIRPORT AK US,3.0,7.86689
291,JUNEAU INTERNATIONAL AIRPORT AK US,4.0,7.83125
292,JUNEAU INTERNATIONAL AIRPORT AK US,5.0,7.46868
293,JUNEAU INTERNATIONAL AIRPORT AK US,6.0,7.04763
294,JUNEAU INTERNATIONAL AIRPORT AK US,7.0,6.79368
295,JUNEAU INTERNATIONAL AIRPORT AK US,8.0,6.92365
296,JUNEAU INTERNATIONAL AIRPORT AK US,9.0,7.81125
297,JUNEAU INTERNATIONAL AIRPORT AK US,10.0,8.53857
298,JUNEAU INTERNATIONAL AIRPORT AK US,11.0,7.60361
299,JUNEAU INTERNATIONAL AIRPORT AK US,12.0,7.76303
300,KENAI MUNICIPAL AIRPORT AK US,1.0,9.42311755129435
301,KENAI MUNICIPAL AIRPORT AK US,2.0,6.040408756739677
302,KENAI MUNICIPAL AIRPORT AK US,3.0,10.289331190465992
303,KENAI MUNICIPAL AIRPORT AK US,4.0,7.664011333838731
304,KENAI MUNICIPAL AIRPORT AK US,5.0,8.812167841194773
305,KENAI MUNICIPAL AIRPORT AK US,6.0,8.081884499235741
306,KENAI MUNICIPAL AIRPORT AK US,7.0,8.780297433089233
307,KENAI MUNICIPAL AIRPORT AK US,8.0,6.322968702457443
308,KENAI MUNICIPAL AIRPORT AK US,9.0,7.48816284936684
309,KENAI MUNICIPAL AIRPORT AK US,10.0,7.196398283086995
310,KENAI MUNICIPAL AIRPORT AK US,11.0,6.66515465967414
311,KENAI MUNICIPAL AIRPORT AK US,12.0,8.385224638270849
312,KING SALMON AIRPORT AK US,1.0,10.1759
313,KING SALMON AIRPORT AK US,2.0,10.3224
314,KING SALMON AIRPORT AK US,3.0,10.8632
315,KING SALMON AIRPORT AK US,4.0,10.4687
316,KING SALMON AIRPORT AK US,5.0,10.2747
317,KING SALMON AIRPORT AK US,6.0,9.56583
318,KING SALMON AIRPORT AK US,7.0,9.16088
319,KING SALMON AIRPORT AK US,8.0,9.25591
320,KING SALMON AIRPORT AK US,9.0,9.74791
321,KING SALMON AIRPORT AK US,10.0,9.54005
322,KING SALMON AIRPORT AK US,11.0,9.70305
323,KING SALMON AIRPORT AK US,12.0,9.72043
324,KITOI BAY AK US,1.0,7.256438
325,KITOI BAY AK US,2.0,7.109813999999999
326,KITOI BAY AK US,3.0,7.453638
327,KITOI BAY AK US,4.0,6.939699999999999
328,KITOI BAY AK US,5.0,6.269219999999999
329,KITOI BAY AK US,6.0,5.694306599999999
330,KITOI BAY AK US,7.0,4.848063399999999
331,KITOI BAY AK US,8.0,5.042723
332,KITOI BAY AK US,9.0,5.8234319999999995
333,KITOI BAY AK US,10.0,6.595295999999999
334,KITOI BAY AK US,11.0,7.224596
335,KITOI BAY AK US,12.0,7.423883999999999
336,KODIAK AIRPORT AK US,1.0,12.5111
337,KODIAK AIRPORT AK US,2.0,12.2583
338,KODIAK AIRPORT AK US,3.0,12.8511
339,KODIAK AIRPORT AK US,4.0,11.965
340,KODIAK AIRPORT AK US,5.0,10.8090
341,KODIAK AIRPORT AK US,6.0,9.81777
342,KODIAK AIRPORT AK US,7.0,8.35873
343,KODIAK AIRPORT AK US,8.0,8.69435
344,KODIAK AIRPORT AK US,9.0,10.0404
345,KODIAK AIRPORT AK US,10.0,11.3712
346,KODIAK AIRPORT AK US,11.0,12.4562
347,KODIAK AIRPORT AK US,12.0,12.7998
348,KOTZEBUE RALPH WEIN MEMORIAL AIRPORT AK ,1.0,12.2090
349,KOTZEBUE RALPH WEIN MEMORIAL AIRPORT AK ,2.0,12.6319
350,KOTZEBUE RALPH WEIN MEMORIAL AIRPORT AK ,3.0,11.0337
351,KOTZEBUE RALPH WEIN MEMORIAL AIRPORT AK ,4.0,11.0102
352,KOTZEBUE RALPH WEIN MEMORIAL AIRPORT AK ,5.0,10.4852
353,KOTZEBUE RALPH WEIN MEMORIAL AIRPORT AK ,6.0,11.0313
354,KOTZEBUE RALPH WEIN MEMORIAL AIRPORT AK ,7.0,11.6768
355,KOTZEBUE RALPH WEIN MEMORIAL AIRPORT AK ,8.0,12.3634
356,KOTZEBUE RALPH WEIN MEMORIAL AIRPORT AK ,9.0,12.5808
357,KOTZEBUE RALPH WEIN MEMORIAL AIRPORT AK ,10.0,12.9262
358,KOTZEBUE RALPH WEIN MEMORIAL AIRPORT AK ,11.0,13.5591
359,KOTZEBUE RALPH WEIN MEMORIAL AIRPORT AK ,12.0,13.0045
360,KUPARUK AK US,1.0,10.314907999999999
361,KUPARUK AK US,2.0,10.470533
362,KUPARUK AK US,3.0,9.743951
363,KUPARUK AK US,4.0,9.88115
364,KUPARUK AK US,5.0,10.340969999999999
365,KUPARUK AK US,6.0,10.000753
366,KUPARUK AK US,7.0,10.108237999999998
367,KUPARUK AK US,8.0,10.387035
368,KUPARUK AK US,9.0,10.93774
369,KUPARUK AK US,10.0,11.405112999999998
370,KUPARUK AK US,11.0,10.938818999999999
371,KUPARUK AK US,12.0,10.622506
372,LITTLE PORT WALTER AK US,1.0,7.9023578890484885
373,LITTLE PORT WALTER AK US,2.0,7.95346006970032
374,LITTLE PORT WALTER AK US,3.0,9.435144120390794
375,LITTLE PORT WALTER AK US,4.0,6.69560192376998
376,LITTLE PORT WALTER AK US,5.0,6.66873256398033
377,LITTLE PORT WALTER AK US,6.0,6.385226241813407
378,LITTLE PORT WALTER AK US,7.0,4.960358423829909
379,LITTLE PORT WALTER AK US,8.0,6.388513504033111
380,LITTLE PORT WALTER AK US,9.0,7.292741123690462
381,LITTLE PORT WALTER AK US,10.0,8.541870700752126
382,LITTLE PORT WALTER AK US,11.0,8.875688170305855
383,LITTLE PORT WALTER AK US,12.0,9.700931297422336
384,MAIN BAY AK US,1.0,7.245105887927613
385,MAIN BAY AK US,2.0,10.405108394035528
386,MAIN BAY AK US,3.0,10.287827869328932
387,MAIN BAY AK US,4.0,10.023052928529722
388,MAIN BAY AK US,5.0,9.020828815018175
389,MAIN BAY AK US,6.0,10.49032522649039
390,MAIN BAY AK US,7.0,8.189792890453615
391,MAIN BAY AK US,8.0,8.487149811363285
392,MAIN BAY AK US,9.0,8.409037245081862
393,MAIN BAY AK US,10.0,11.908408055075252
394,MAIN BAY AK US,11.0,11.745808840891305
395,MAIN BAY AK US,12.0,9.028345420703419
396,MATANUSKA AGRICULTURAL EXPERIMENT STATION AK US,1.0,8.875307328951159
397,MATANUSKA AGRICULTURAL EXPERIMENT STATION AK US,2.0,8.499047524362265
398,MATANUSKA AGRICULTURAL EXPERIMENT STATION AK US,3.0,8.47602523494905
399,MATANUSKA AGRICULTURAL EXPERIMENT STATION AK US,4.0,6.770166652167989
400,MATANUSKA AGRICULTURAL EXPERIMENT STATION AK US,5.0,7.979327931265786
401,MATANUSKA AGRICULTURAL EXPERIMENT STATION AK US,6.0,8.564380429244299
402,MATANUSKA AGRICULTURAL EXPERIMENT STATION AK US,7.0,5.397824874713195
403,MATANUSKA AGRICULTURAL EXPERIMENT STATION AK US,8.0,5.825970734546748
404,MATANUSKA AGRICULTURAL EXPERIMENT STATION AK US,9.0,8.150546186635522
405,MATANUSKA AGRICULTURAL EXPERIMENT STATION AK US,10.0,5.446833143781221
406,MATANUSKA AGRICULTURAL EXPERIMENT STATION AK US,11.0,7.103222439012289
407,MATANUSKA AGRICULTURAL EXPERIMENT STATION AK US,12.0,7.516906349507313
408,MCGRATH AIRPORT AK US,1.0,3.06559
409,MCGRATH AIRPORT AK US,2.0,3.80758
410,MCGRATH AIRPORT AK US,3.0,5.27900
411,MCGRATH AIRPORT AK US,4.0,6.01152
412,MCGRATH AIRPORT AK US,5.0,6.37688
413,MCGRATH AIRPORT AK US,6.0,5.77138
414,MCGRATH AIRPORT AK US,7.0,5.38561
415,MCGRATH AIRPORT AK US,8.0,5.19892
416,MCGRATH AIRPORT AK US,9.0,5.33597
417,MCGRATH AIRPORT AK US,10.0,4.85094
418,MCGRATH AIRPORT AK US,11.0,3.52666
419,MCGRATH AIRPORT AK US,12.0,2.56357
420,NABESNA AK US,1.0,3.432082155898807
421,NABESNA AK US,2.0,3.4955545219069313
422,NABESNA AK US,3.0,5.388203619436066
423,NABESNA AK US,4.0,4.6863931798128355
424,NABESNA AK US,5.0,4.929089344179129
425,NABESNA AK US,6.0,5.839660979034871
426,NABESNA AK US,7.0,3.4041203827495616
427,NABESNA AK US,8.0,5.716228291541653
428,NABESNA AK US,9.0,3.32123727739321
429,NABESNA AK US,10.0,4.525597950993339
430,NABESNA AK US,11.0,4.780841835783613
431,NABESNA AK US,12.0,1.9122244863352118
432,NOME MUNICIPAL AIRPORT AK US,1.0,9.46962
433,NOME MUNICIPAL AIRPORT AK US,2.0,10.0308
434,NOME MUNICIPAL AIRPORT AK US,3.0,9.24925
435,NOME MUNICIPAL AIRPORT AK US,4.0,9.06958
436,NOME MUNICIPAL AIRPORT AK US,5.0,8.98776
437,NOME MUNICIPAL AIRPORT AK US,6.0,8.86902
438,NOME MUNICIPAL AIRPORT AK US,7.0,9.06962
439,NOME MUNICIPAL AIRPORT AK US,8.0,9.75698
440,NOME MUNICIPAL AIRPORT AK US,9.0,9.98777
441,NOME MUNICIPAL AIRPORT AK US,10.0,9.40040
442,NOME MUNICIPAL AIRPORT AK US,11.0,10.4079
443,NOME MUNICIPAL AIRPORT AK US,12.0,10.0958
444,NORTH POLE AK US,1.0,5.258918001649218
445,NORTH POLE AK US,2.0,4.110380652938451
446,NORTH POLE AK US,3.0,5.184954601706068
447,NORTH POLE AK US,4.0,6.496141275305406
448,NORTH POLE AK US,5.0,6.437221108873726
449,NORTH POLE AK US,6.0,6.043471236656016
450,NORTH POLE AK US,7.0,4.454641193324274
451,NORTH POLE AK US,8.0,6.1699306107051655
452,NORTH POLE AK US,9.0,4.97688493419662
453,NORTH POLE AK US,10.0,4.177128111423734
454,NORTH POLE AK US,11.0,4.922825506108089
455,NORTH POLE AK US,12.0,1.62629280606716
456,NORTHWAY AIRPORT AK US,1.0,3.432082155898807
457,NORTHWAY AIRPORT AK US,2.0,3.4955545219069313
458,NORTHWAY AIRPORT AK US,3.0,5.388203619436066
459,NORTHWAY AIRPORT AK US,4.0,4.6863931798128355
460,NORTHWAY AIRPORT AK US,5.0,4.929089344179129
461,NORTHWAY AIRPORT AK US,6.0,5.839660979034871
462,NORTHWAY AIRPORT AK US,7.0,3.4041203827495616
463,NORTHWAY AIRPORT AK US,8.0,5.716228291541653
464,NORTHWAY AIRPORT AK US,9.0,3.32123727739321
465,NORTHWAY AIRPORT AK US,10.0,4.525597950993339
466,NORTHWAY AIRPORT AK US,11.0,4.780841835783613
467,NORTHWAY AIRPORT AK US,12.0,1.9122244863352118
468,PORT ALSWORTH AK US,1.0,7.7991218199245775
469,PORT ALSWORTH AK US,2.0,7.449302642254419
470,PORT ALSWORTH AK US,3.0,7.976474627747628
471,PORT ALSWORTH AK US,4.0,4.966526650676696
472,PORT ALSWORTH AK US,5.0,5.122323236494074
473,PORT ALSWORTH AK US,6.0,6.208063554003537
474,PORT ALSWORTH AK US,7.0,5.909131453206437
475,PORT ALSWORTH AK US,8.0,5.488950188757037
476,PORT ALSWORTH AK US,9.0,5.575071147178362
477,PORT ALSWORTH AK US,10.0,7.484398533239633
478,PORT ALSWORTH AK US,11.0,7.1867380416816875
479,PORT ALSWORTH AK US,12.0,7.349779132058573
480,SEWARD AIRPORT AK US,1.0,7.245105887927613
481,SEWARD AIRPORT AK US,2.0,10.405108394035528
482,SEWARD AIRPORT AK US,3.0,10.287827869328932
483,SEWARD AIRPORT AK US,4.0,10.023052928529722
484,SEWARD AIRPORT AK US,5.0,9.020828815018175
485,SEWARD AIRPORT AK US,6.0,10.49032522649039
486,SEWARD AIRPORT AK US,7.0,8.189792890453615
487,SEWARD AIRPORT AK US,8.0,8.487149811363285
488,SEWARD AIRPORT AK US,9.0,8.409037245081862
489,SEWARD AIRPORT AK US,10.0,11.908408055075252
490,SEWARD AIRPORT AK US,11.0,11.745808840891305
491,SEWARD AIRPORT AK US,12.0,9.028345420703419
492,SITKA AIRPORT AK US,1.0,7.9023578890484885
493,SITKA AIRPORT AK US,2.0,7.95346006970032
494,SITKA AIRPORT AK US,3.0,9.435144120390794
495,SITKA AIRPORT AK US,4.0,6.69560192376998
496,SITKA AIRPORT AK US,5.0,6.66873256398033
497,SITKA AIRPORT AK US,6.0,6.385226241813407
498,SITKA AIRPORT AK US,7.0,4.960358423829909
499,SITKA AIRPORT AK US,8.0,6.388513504033111
500,SITKA AIRPORT AK US,9.0,7.292741123690462
501,SITKA AIRPORT AK US,10.0,8.541870700752126
502,SITKA AIRPORT AK US,11.0,8.875688170305855
503,SITKA AIRPORT AK US,12.0,9.700931297422336
504,ST PAUL ISLAND AIRPORT AK US,1.0,18.7813
505,ST PAUL ISLAND AIRPORT AK US,2.0,18.5840
506,ST PAUL ISLAND AIRPORT AK US,3.0,17.2118
507,ST PAUL ISLAND AIRPORT AK US,4.0,16.1897
508,ST PAUL ISLAND AIRPORT AK US,5.0,14.1182
509,ST PAUL ISLAND AIRPORT AK US,6.0,12.8131
510,ST PAUL ISLAND AIRPORT AK US,7.0,11.5735
511,ST PAUL ISLAND AIRPORT AK US,8.0,12.5
512,ST PAUL ISLAND AIRPORT AK US,9.0,14.7084
513,ST PAUL ISLAND AIRPORT AK US,10.0,16.3830
514,ST PAUL ISLAND AIRPORT AK US,11.0,17.7644
515,ST PAUL ISLAND AIRPORT AK US,12.0,17.8865
516,SUTTON 1 W AK US,1.0,8.875307328951159
517,SUTTON 1 W AK US,2.0,8.499047524362265
518,SUTTON 1 W AK US,3.0,8.47602523494905
519,SUTTON 1 W AK US,4.0,6.770166652167989
520,SUTTON 1 W AK US,5.0,7.979327931265786
521,SUTTON 1 W AK US,6.0,8.564380429244299
522,SUTTON 1 W AK US,7.0,5.397824874713195
523,SUTTON 1 W AK US,8.0,5.825970734546748
524,SUTTON 1 W AK US,9.0,8.150546186635522
525,SUTTON 1 W AK US,10.0,5.446833143781221
526,SUTTON 1 W AK US,11.0,7.103222439012289
527,SUTTON 1 W AK US,12.0,7.516906349507313
528,TALKEETNA AIRPORT AK US,1.0,5.60599
529,TALKEETNA AIRPORT AK US,2.0,5.44565
530,TALKEETNA AIRPORT AK US,3.0,5.59121
531,TALKEETNA AIRPORT AK US,4.0,4.82820
532,TALKEETNA AIRPORT AK US,5.0,5.06523
533,TALKEETNA AIRPORT AK US,6.0,5.12909
534,TALKEETNA AIRPORT AK US,7.0,4.67008
535,TALKEETNA AIRPORT AK US,8.0,3.79510
536,TALKEETNA AIRPORT AK US,9.0,3.76215
537,TALKEETNA AIRPORT AK US,10.0,4.05190
538,TALKEETNA AIRPORT AK US,11.0,4.95588
539,TALKEETNA AIRPORT AK US,12.0,5.16253
540,TANANA CALHOUN MEMORIAL AIRPORT AK US,1.0,6.271254455342761
541,TANANA CALHOUN MEMORIAL AIRPORT AK US,2.0,6.508435578737708
542,TANANA CALHOUN MEMORIAL AIRPORT AK US,3.0,8.066520557215021
543,TANANA CALHOUN MEMORIAL AIRPORT AK US,4.0,5.6488995488833895
544,TANANA CALHOUN MEMORIAL AIRPORT AK US,5.0,6.042749642510242
545,TANANA CALHOUN MEMORIAL AIRPORT AK US,6.0,6.977705146209013
546,TANANA CALHOUN MEMORIAL AIRPORT AK US,7.0,4.945625876686755
547,TANANA CALHOUN MEMORIAL AIRPORT AK US,8.0,6.870478260573284
548,TANANA CALHOUN MEMORIAL AIRPORT AK US,9.0,4.665887879503385
549,TANANA CALHOUN MEMORIAL AIRPORT AK US,10.0,3.8539140669567007
550,TANANA CALHOUN MEMORIAL AIRPORT AK US,11.0,5.0197596530254565
551,TANANA CALHOUN MEMORIAL AIRPORT AK US,12.0,4.370755873876548
552,TOK AK US,1.0,3.432082155898807
553,TOK AK US,2.0,3.4955545219069313
554,TOK AK US,3.0,5.388203619436066
555,TOK AK US,4.0,4.6863931798128355
556,TOK AK US,5.0,4.929089344179129
557,TOK AK US,6.0,5.839660979034871
558,TOK AK US,7.0,3.4041203827495616
559,TOK AK US,8.0,5.716228291541653
560,TOK AK US,9.0,3.32123727739321
561,TOK AK US,10.0,4.525597950993339
562,TOK AK US,11.0,4.780841835783613
563,TOK AK US,12.0,1.9122244863352118
564,UNIVERSITY EXPERIMENT STATION AK US,1.0,2.71397
565,UNIVERSITY EXPERIMENT STATION AK US,2.0,3.28616
566,UNIVERSITY EXPERIMENT STATION AK US,3.0,5.05087
567,UNIVERSITY EXPERIMENT STATION AK US,4.0,5.96513
568,UNIVERSITY EXPERIMENT STATION AK US,5.0,6.81895
569,UNIVERSITY EXPERIMENT STATION AK US,6.0,6.27944
570,UNIVERSITY EXPERIMENT STATION AK US,7.0,5.7965
571,UNIVERSITY EXPERIMENT STATION AK US,8.0,5.51303
572,UNIVERSITY EXPERIMENT STATION AK US,9.0,5.25486
573,UNIVERSITY EXPERIMENT STATION AK US,10.0,4.46478
574,UNIVERSITY EXPERIMENT STATION AK US,11.0,2.97083
575,UNIVERSITY EXPERIMENT STATION AK US,12.0,2.3629
576,VALDEZ WEATHER SERVICE OFFICE AK US,1.0,7.200908246498148
577,VALDEZ WEATHER SERVICE OFFICE AK US,2.0,6.521417830556953
578,VALDEZ WEATHER SERVICE OFFICE AK US,3.0,5.539137061596427
579,VALDEZ WEATHER SERVICE OFFICE AK US,4.0,4.353337392968523
580,VALDEZ WEATHER SERVICE OFFICE AK US,5.0,5.9083527328574235
581,VALDEZ WEATHER SERVICE OFFICE AK US,6.0,6.0692582052269834
582,VALDEZ WEATHER SERVICE OFFICE AK US,7.0,5.742987407781242
583,VALDEZ WEATHER SERVICE OFFICE AK US,8.0,4.412247537259305
584,VALDEZ WEATHER SERVICE OFFICE AK US,9.0,3.78944163445883
585,VALDEZ WEATHER SERVICE OFFICE AK US,10.0,5.548156988418815
586,VALDEZ WEATHER SERVICE OFFICE AK US,11.0,13.702200902233242
587,VALDEZ WEATHER SERVICE OFFICE AK US,12.0,5.343404649551753
588,WHITES CROSSING AK US,1.0,8.875307328951159
589,WHITES CROSSING AK US,2.0,8.499047524362265
590,WHITES CROSSING AK US,3.0,8.47602523494905
591,WHITES CROSSING AK US,4.0,6.770166652167989
592,WHITES CROSSING AK US,5.0,7.979327931265786
593,WHITES CROSSING AK US,6.0,8.564380429244299
594,WHITES CROSSING AK US,7.0,5.397824874713195
595,WHITES CROSSING AK US,8.0,5.825970734546748
596,WHITES CROSSING AK US,9.0,8.150546186635522
597,WHITES CROSSING AK US,10.0,5.446833143781221
598,WHITES CROSSING AK US,11.0,7.103222439012289
599,WHITES CROSSING AK US,12.0,7.516906349507313
600,WRANGELL AIRPORT AK US,1.0,10.915314111936127
601,WRANGELL AIRPORT AK US,2.0,3.4203240370053942
602,WRANGELL AIRPORT AK US,3.0,9.230091117296343
603,WRANGELL AIRPORT AK US,4.0,7.1324269576348245
604,WRANGELL AIRPORT AK US,5.0,6.994953250721493
605,WRANGELL AIRPORT AK US,6.0,6.724806442392552
606,WRANGELL AIRPORT AK US,7.0,5.071002859517227
607,WRANGELL AIRPORT AK US,8.0,2.727024542619543
608,WRANGELL AIRPORT AK US,9.0,3.474716343345706
609,WRANGELL AIRPORT AK US,10.0,7.371384863440299
610,WRANGELL AIRPORT AK US,11.0,3.9603191370375206
611,WRANGELL AIRPORT AK US,12.0,4.368651224284682
612,YAKUTAT AIRPORT AK US,1.0,6.04663
613,YAKUTAT AIRPORT AK US,2.0,5.86205
614,YAKUTAT AIRPORT AK US,3.0,6.30296
615,YAKUTAT AIRPORT AK US,4.0,5.95805
616,YAKUTAT AIRPORT AK US,5.0,6.01908
617,YAKUTAT AIRPORT AK US,6.0,5.71388
618,YAKUTAT AIRPORT AK US,7.0,5.31747
619,YAKUTAT AIRPORT AK US,8.0,5.33629
620,YAKUTAT AIRPORT AK US,9.0,5.85402
621,YAKUTAT AIRPORT AK US,10.0,6.32150
622,YAKUTAT AIRPORT AK US,11.0,5.88472
623,YAKUTAT AIRPORT AK US,12.0,6.25658
